username,displayname,url_y,location,followersCount,city,country,count
OracleofDusk,MJ Bailey,https://twitter.com/OracleofDusk,,1017,,,31
musciguy,Garret Godfrey â˜•ï¸ğŸ“–ğŸ™ğŸ§ğŸ“š,https://twitter.com/musciguy,"Phoenix, AZ",503,Phoenix,United States,27
KelliMadden80,Kelli Madden,https://twitter.com/KelliMadden80,"South Carolina, USA",3687,,United States,9
Gtsus_Pod,Gather The Suspects Pod,https://twitter.com/Gtsus_Pod,Cardiff,1020,Cardiff,,9
Zed1Pod,Zed1Pod,https://twitter.com/Zed1Pod,"Faringdon, England",1325,,United Kingdom,9
realnealveglio,Neal Veglio,https://twitter.com/realnealveglio,"Oxford, England",3415,Oxford,United Kingdom,8
ODParlayHour,The ODPH Podcast,https://twitter.com/ODParlayHour,"Binghamton, NY",5833,Binghamton,United States,8
HealthTalksPod,Health Talks With JD,https://twitter.com/HealthTalksPod,Arkham Asylum ,856,,,6
TheIndustry13,The Industry,https://twitter.com/TheIndustry13,"South Florida, USA",370,,United States,6
ItTakesTwo_pod,It Takes Two,https://twitter.com/ItTakesTwo_pod,New Zealand,194,,New Zealand,6
LizWilcox79,Elizabeth Wilcox,https://twitter.com/LizWilcox79,"Tempe, AZ",390,Tempe,United States,6
need_3_mugs,Not Before Coffee â˜•ï¸ Podcast,https://twitter.com/need_3_mugs,,4778,,,5
ef_ckedpodcast,Everything's Fucked Podcast (Monica/Aja),https://twitter.com/ef_ckedpodcast,,171,,,5
StoriesSandman,Sandman Stories Presents,https://twitter.com/StoriesSandman,Republic of Korea,1870,,South Korea,4
Podchaser,Podchaser,https://twitter.com/Podchaser,,29499,,,4
tfyhpodcast,Alex Hobby | Time For Your Hobby Podcast,https://twitter.com/tfyhpodcast,"Ottawa, Ontario",831,OttawaOntario,Canada,3
Namely90s,Namely 90s Podcast,https://twitter.com/Namely90s,"West Coast, USA",544,,United States,3
RebelsReinvent,ReinventionRebels,https://twitter.com/RebelsReinvent,,767,,,2
NeonShadowsPod,Neon Shadows A Noir Tale,https://twitter.com/NeonShadowsPod,"Cleveland, OH",1229,Cleveland,United States,2
RiversidedotFM,Riverside.FM,https://twitter.com/RiversidedotFM,,3602,,,2
Alistair_Pitts,Ally Pitts,https://twitter.com/Alistair_Pitts,"Milton Keynes, England",1374,Milton Keynes,United Kingdom,2
UnChefed,UnChefed,https://twitter.com/UnChefed,,615,,,2
CareWerewolves,Care & Feeding Of Werewolves,https://twitter.com/CareWerewolves,,183,,,2
podcasting_jp,æ—¥æœ¬ãƒãƒƒãƒ‰ã‚­ãƒ£ã‚¹ãƒˆå”ä¼šï¼ˆO.P.E.N.ï¼‰,https://twitter.com/podcasting_jp,,498,,,2
kemp_travis,"Travis Kemp, Future Podcaster-in-Training",https://twitter.com/kemp_travis,"Amarillo, TX",484,Amarillo,United States,2
curichildpod,ğŸ‘» The Curiosity of a Child Podcast ğŸ‡¬ğŸ‡¬,https://twitter.com/curichildpod,"Bailiwick of Guernsey, United ",329,,United Kingdom,2
yuimaru,ã‚†ã„ã¾ã‚‹(å¿«é€Ÿæ—…å›£),https://twitter.com/yuimaru,å¤•å¼µå¸‚,2445,,,1
podcastbrunch,Podcast Brunch Club,https://twitter.com/podcastbrunch,Worldwide,6541,,,1
schisnell,Steve Chisnell,https://twitter.com/schisnell,"Waterford, MI",890,Waterford,United States,1
waku2radio,ãƒ¯ã‚¯ãƒ¯ã‚¯ãƒ©ã‚¸ã‚ªï½œãƒ¯ã‚¯ãƒ©ã‚¸,https://twitter.com/waku2radio,æ—¥æœ¬ å¤§é˜ª,516,,,1
pot_au_feu,ãƒãƒˆãƒ• ï¼ My cup of tea ğŸ§ ãƒãƒƒãƒ‰ã‚­ãƒ£ã‚¹ãƒˆ,https://twitter.com/pot_au_feu,"Nagoya, Japan",2767,,Japan,1
wkeithtims,W. Keith Tims,https://twitter.com/wkeithtims,,292,,,1
sports_twenty,Fourteen Twenty Sports Podcast,https://twitter.com/sports_twenty,,567,,,1
evo_terra,Evo Terraâ€™s Robot Account,https://twitter.com/evo_terra,The World,11111,,,1
TheEnigmaGriff,Griff,https://twitter.com/TheEnigmaGriff,"Basingstoke, England",1337,Basingstoke,United Kingdom,1
ItsAMusicalPod,Itâ€™s A Musical! Podcast,https://twitter.com/ItsAMusicalPod,"England, United Kingdom",1829,,United Kingdom,1
aPODalypseGroup,theaPODalypse,https://twitter.com/aPODalypseGroup,,593,,,1
JadeLimey,LimeyJade,https://twitter.com/JadeLimey,"Phoenix, AZ, USA",52,Phoenix,United States,1
hellocatherineo,ğ¶ğ‘ğ‘¡â„ğ‘’ğ‘Ÿğ‘–ğ‘›ğ‘’ ğ‘‚'ğµğ‘Ÿğ‘–ğ‘’ğ‘›,https://twitter.com/hellocatherineo,"Baton Rouge, LA",630,Baton Rouge,United States,1
NightPostPod,The Night Post ğŸ’ŒğŸ³ï¸â€ğŸŒˆ,https://twitter.com/NightPostPod,the edge of Gilt City,693,,,1
epodcaster,ğŸŸ£ Jennifer Navarrete,https://twitter.com/epodcaster,"San Antonio, TX",5380,San Antonio,United States,1
ZachIconic,ZACH ICONIC THOMAS,https://twitter.com/ZachIconic,United States,725,,United States,1
MatthewWinner,Matthew C. Winner,https://twitter.com/MatthewWinner,Maryland,15864,Maryland,United States,1
deliverypod13,Delivery Podcast,https://twitter.com/deliverypod13,,154,,,1
OnceUponAGene,Effie Parks,https://twitter.com/OnceUponAGene,"Seattle, WA",1353,Seattle,United States,1
OmegaStar7_Pod,Omega Star 7 | EPISODE 7 OUT NOW! ğŸšªğŸšªğŸšª,https://twitter.com/OmegaStar7_Pod,"Sometime, Somewhere",500,,,1
MonsterHourPod,Monster Hour Pod,https://twitter.com/MonsterHourPod,,699,,,1
My_BloodyHell,Lori L Tharps,https://twitter.com/My_BloodyHell,Global,935,,,1
somethingpeculy,Peculiar Adventures,https://twitter.com/somethingpeculy,,89,,,1
Y2Kpod,Y2K,https://twitter.com/Y2Kpod,"Birmingham, London & Auckland",1673,BirminghamLondonAuckland,United Kingdom,1
ServingSizePod,Serving Size,https://twitter.com/ServingSizePod,Hopefully not in the kitchen,107,,,1
BarnyardPod,Barnyard Language,https://twitter.com/BarnyardPod,,9,,,1
bwbastards,BACKWATER BASTARDS ğŸš€,https://twitter.com/bwbastards,Outer Space,1634,,,1
TedHudson_,Ted Hudson,https://twitter.com/TedHudson_,"Hamilton, Ontario",3752,HamiltonOntario,Canada,1
sparkpodmedia,Spark Media,https://twitter.com/sparkpodmedia,"Houston, TX",198,Houston,United States,1
LookBehindPod,LookBehindTheLook,https://twitter.com/LookBehindPod,"New York, NY",56,New York,United States,1
pints_a,2 Pints Of Bru and A Chocolate Crispie,https://twitter.com/pints_a,"Aberdeenshire, Scotland",138,,United Kingdom,1
DimensionPod,DimensionDoorPodcast,https://twitter.com/DimensionPod,,1030,,,1
redditonwiki,Reddit on Wiki,https://twitter.com/redditonwiki,,646,,,1
Oz9podcast,Oz 9 podcast,https://twitter.com/Oz9podcast,just-left-of-earth,4057,,,1
ListeningBooks,Listening Books,https://twitter.com/ListeningBooks,"London, England",3613,London,United Kingdom,1
