,id,username,displayname,location,created,followersCount,friendsCount,url,verified,geotext,city,country
0,533456292,CaseyBroda,Casey Broda,"Currently Seattle, WA",2012-03-22T18:35:49+00:00,176,333,https://twitter.com/CaseyBroda,False,<geotext.geotext.GeoText object at 0x7fa63063d850>,,United States
1,1087100443761758208,OracleofDusk,MJ Bailey,,2019-01-20T21:31:57+00:00,819,1841,https://twitter.com/OracleofDusk,False,<geotext.geotext.GeoText object at 0x7fa630639be0>,,
15,1104380581817782273,StorytellPod,Story of a Storyteller - Podcast,"Dublin City, Ireland",2019-03-09T13:57:03+00:00,777,690,https://twitter.com/StorytellPod,False,<geotext.geotext.GeoText object at 0x7fa630639340>,,Ireland
16,772231864937361408,Podchaser,Podchaser,,2016-09-04T00:36:38+00:00,23140,9486,https://twitter.com/Podchaser,False,<geotext.geotext.GeoText object at 0x7fa60714a6d0>,,
18,1344402723991662598,NightPostPod,The Night Post üíåüè≥Ô∏è‚Äçüåà,,2020-12-30T21:59:28+00:00,206,162,https://twitter.com/NightPostPod,False,<geotext.geotext.GeoText object at 0x7fa60714a310>,,
19,1180819761590083584,curichildpod,üêî The Curiosity of a Child Podcast üá¨üá¨,"Bailiwick of Guernsey, United ",2019-10-06T12:19:14+00:00,257,742,https://twitter.com/curichildpod,False,<geotext.geotext.GeoText object at 0x7fa60714a520>,,United Kingdom
20,866307345760092160,DannyBrownCA,Danny Brown üè¥Û†ÅßÛ†Å¢Û†Å≥Û†Å£Û†Å¥Û†Åø üá®üá¶ #VoteFordOut2022,"Muskoka, Ontario",2017-05-21T14:59:01+00:00,976,1471,https://twitter.com/DannyBrownCA,False,<geotext.geotext.GeoText object at 0x7fa60714a550>,Ontario,Canada
21,1258481717431750656,PodRevDay,PodRevDay,,2020-05-07T19:40:12+00:00,893,923,https://twitter.com/PodRevDay,False,<geotext.geotext.GeoText object at 0x7fa60714a730>,,
22,861012968359817216,ODParlayHour,Ocho Duro Parlay Hour (#ODPH),"Binghamton, NY",2017-05-07T00:21:03+00:00,4913,3661,https://twitter.com/ODParlayHour,False,<geotext.geotext.GeoText object at 0x7fa60714a7c0>,Binghamton,United States
25,1369546442809937920,octoberandfish,October Jones & Fish With Legs Podcast,Member of the Upford Network,2021-03-10T07:14:25+00:00,9,7,https://twitter.com/octoberandfish,False,<geotext.geotext.GeoText object at 0x7fa60714a8b0>,,
30,1087095807633846273,Oz9podcast,Oz 9 podcast,just-left-of-earth,2019-01-20T21:13:32+00:00,3851,4997,https://twitter.com/Oz9podcast,False,<geotext.geotext.GeoText object at 0x7fa60714aa00>,,
32,1685091,epodcaster,üü£ Jennifer Navarrete,"San Antonio, TX",2007-03-20T23:16:07+00:00,4874,3823,https://twitter.com/epodcaster,False,<geotext.geotext.GeoText object at 0x7fa60714a880>,San Antonio,United States
34,101902582,AfterDarkMarcel,x - Marcel Myrick - #StayatHome,New York,2010-01-05T00:14:20+00:00,1450,5000,https://twitter.com/AfterDarkMarcel,False,<geotext.geotext.GeoText object at 0x7fa60714a9d0>,New York,United States
42,1201316729135206400,DungeonDadsPod,The Dungeon Dads,Everywhere.,2019-12-02T01:46:53+00:00,962,433,https://twitter.com/DungeonDadsPod,False,<geotext.geotext.GeoText object at 0x7fa60714ac40>,,
43,467990513,jd_thejedi,JD,NC,2012-01-19T02:08:49+00:00,2612,791,https://twitter.com/jd_thejedi,False,<geotext.geotext.GeoText object at 0x7fa60714aa60>,,United States
44,343829604,kemp_travis,"Travis Kemp, Podcaster-in-Training","Amarillo, TX",2011-07-28T04:18:25+00:00,451,600,https://twitter.com/kemp_travis,False,<geotext.geotext.GeoText object at 0x7fa60714ad60>,Amarillo,United States
47,1122158386970341377,HealthTalksPod,Health Talks With JD Podcast,"Durham, NC",2019-04-27T15:19:42+00:00,85,187,https://twitter.com/HealthTalksPod,False,<geotext.geotext.GeoText object at 0x7fa60714af40>,Durham,United States
52,1166229031,dustin_holden,Dustin Can Read!,"Mississippi, USA",2013-02-10T15:32:38+00:00,452,377,https://twitter.com/dustin_holden,False,<geotext.geotext.GeoText object at 0x7fa60714af10>,,United States
67,153349145,stephfuccio,Stephanie Fuccio,Albania,2010-06-08T09:24:09+00:00,2352,2603,https://twitter.com/stephfuccio,False,<geotext.geotext.GeoText object at 0x7fa60714ae20>,,Albania
97,2729915437,intlpodcastday,International Podcast Day,International,2014-08-13T17:04:21+00:00,17842,9500,https://twitter.com/intlpodcastday,False,<geotext.geotext.GeoText object at 0x7fa60714a850>,,
98,1228491846013214721,StoriesSandman,Sandman Stories Presents,Republic of Korea,2020-02-15T01:31:09+00:00,1398,1256,https://twitter.com/StoriesSandman,False,<geotext.geotext.GeoText object at 0x7fa60714a2b0>,,South Korea
102,1065402848408670209,BlackCaseDiary,The BCD TV/Film History Podcast,"Columbus, OH",2018-11-22T00:33:28+00:00,2716,2162,https://twitter.com/BlackCaseDiary,False,<geotext.geotext.GeoText object at 0x7fa60708e0a0>,Columbus,United States
110,1267168296270540801,PodcastOverhaul,Podcast Overhaul,"Florida, USA",2020-05-31T18:57:27+00:00,2037,947,https://twitter.com/PodcastOverhaul,False,<geotext.geotext.GeoText object at 0x7fa60708e130>,Florida,United States
115,1061996009193013250,PeachGardenRPGs,Peach Garden Games,"Alberta, Canada",2018-11-12T14:55:54+00:00,306,181,https://twitter.com/PeachGardenRPGs,False,<geotext.geotext.GeoText object at 0x7fa60708e250>,,Canada
116,25561115,laughs1,"Standup Comedy ""Your Host & MC""","Sacramento, CA 95831",2009-03-20T19:37:13+00:00,69,39,https://twitter.com/laughs1,False,<geotext.geotext.GeoText object at 0x7fa60708e400>,Sacramento,United States
117,3098305770,Alistair_Pitts,Ally Pitts,"Milton Keynes, England",2015-03-19T20:57:37+00:00,1303,4969,https://twitter.com/Alistair_Pitts,False,<geotext.geotext.GeoText object at 0x7fa60708e280>,Milton Keynes,United Kingdom
118,1290547359017922561,NowhereOnAir,"Nowhere, On Air","Braedon, Alberta, Canada ",2020-08-04T07:17:31+00:00,185,285,https://twitter.com/NowhereOnAir,False,<geotext.geotext.GeoText object at 0x7fa60708e550>,,Canada
119,1289288065366859776,Keganexe,"KeganExe, In Extremis - Out Now!",state of denial,2020-07-31T19:53:42+00:00,493,592,https://twitter.com/Keganexe,False,<geotext.geotext.GeoText object at 0x7fa60708e5b0>,,
120,788584258826665984,LizWilcox79,Elizabeth Wilcox,"Tempe, AZ",2016-10-19T03:35:13+00:00,335,507,https://twitter.com/LizWilcox79,False,<geotext.geotext.GeoText object at 0x7fa60708e700>,Tempe,United States
122,564226435,devika_raina,Devika Raina,,2012-04-27T02:23:38+00:00,176,551,https://twitter.com/devika_raina,False,<geotext.geotext.GeoText object at 0x7fa60708e790>,,
123,1344320719505813509,starsfellradio,Where the Stars Fell üå≤,"Jerusalem, OR",2020-12-30T16:33:51+00:00,192,98,https://twitter.com/starsfellradio,False,<geotext.geotext.GeoText object at 0x7fa60708e7f0>,Jerusalem,United States
124,1285233324546547712,oklahomacidepod,Oklahomacidepod,Oklahoma,2020-07-21T15:50:07+00:00,2557,2013,https://twitter.com/oklahomacidepod,False,<geotext.geotext.GeoText object at 0x7fa60708e8e0>,Oklahoma,United States
127,1343246321046736896,WNMTKpod,WE'RE NOT MEANT TO KNOW - horror anthology pod,,2020-12-27T17:24:31+00:00,164,178,https://twitter.com/WNMTKpod,False,<geotext.geotext.GeoText object at 0x7fa60708ea00>,,
128,1097602766833373184,capunderstands,I Understood That Reference!,Ire,2019-02-18T21:04:26+00:00,2569,1888,https://twitter.com/capunderstands,False,<geotext.geotext.GeoText object at 0x7fa60708ea60>,,
131,1331283120633630720,tmml2021,Thief's Monthly Movie Loot,Puerto Rico,2020-11-24T17:06:54+00:00,384,611,https://twitter.com/tmml2021,False,<geotext.geotext.GeoText object at 0x7fa60708ec10>,,United States
132,1309868857193107458,TJOHPodcast,The Joy Of Horror Podcast,"Texas, USA",2020-09-26T14:54:12+00:00,33,25,https://twitter.com/TJOHPodcast,False,<geotext.geotext.GeoText object at 0x7fa60708eaf0>,Texas,United States
138,715245236650434561,FSWRadio,FSWRadio is not a podcast the Jedi would listen to,Exegol,2016-03-30T18:32:07+00:00,715,565,https://twitter.com/FSWRadio,False,<geotext.geotext.GeoText object at 0x7fa60708ebe0>,,
139,2327431026,SceneNNerd,Scene N Nerd #Podcast,United States,2014-02-04T17:08:01+00:00,2934,2610,https://twitter.com/SceneNNerd,False,<geotext.geotext.GeoText object at 0x7fa60708ed00>,,United States
141,1364305403828342784,HowAboutAStory_,How About A Story Podcast,"Los Angeles, CA",2021-02-23T20:05:58+00:00,83,146,https://twitter.com/HowAboutAStory_,False,<geotext.geotext.GeoText object at 0x7fa60708edf0>,Los Angeles,United States
142,22023502,MrAsquith,"Mark Asquith, That British Podcast Guy",United Kingdom,2009-02-26T15:51:10+00:00,7582,805,https://twitter.com/MrAsquith,True,<geotext.geotext.GeoText object at 0x7fa60708ef10>,,United Kingdom
145,1377723181809684492,ShowBks,TheBKSShow,"Philadlephia, PA",2021-04-01T20:43:12+00:00,450,664,https://twitter.com/ShowBks,False,<geotext.geotext.GeoText object at 0x7fa60708e6a0>,,United States
146,1099383517128130560,elinotabot,Eli,Germany,2019-02-23T19:00:30+00:00,126,532,https://twitter.com/elinotabot,False,<geotext.geotext.GeoText object at 0x7fa60708e040>,,Germany
148,1350556417699229698,measurethescore,MeasuringTheScore,,2021-01-16T21:32:10+00:00,326,403,https://twitter.com/measurethescore,False,<geotext.geotext.GeoText object at 0x7fa6070ce130>,,
155,1245434428958146561,ItsAMusicalPod,It‚Äôs A Musical! Podcast,"England, United Kingdom",2020-04-01T19:34:51+00:00,1488,1150,https://twitter.com/ItsAMusicalPod,False,<geotext.geotext.GeoText object at 0x7fa6070ce1f0>,,United Kingdom
163,1309919469440040961,ttjourneys,The Tabletop Journeys Podcast,United States,2020-09-26T18:15:21+00:00,1096,2087,https://twitter.com/ttjourneys,False,<geotext.geotext.GeoText object at 0x7fa6070ce280>,,United States
165,1267666040718159872,StoriesMalaysia,Malaysian Stories,Malaysia,2020-06-02T03:55:41+00:00,74,41,https://twitter.com/StoriesMalaysia,False,<geotext.geotext.GeoText object at 0x7fa6070ce310>,,Malaysia
169,1019959127332835328,slacklineprodu2,Slackline Productions,"London, England",2018-07-19T14:56:20+00:00,1815,1515,https://twitter.com/slacklineprodu2,False,<geotext.geotext.GeoText object at 0x7fa6070ce400>,London,United Kingdom
170,1266920251825860608,TheLastTapestry,The Last Tapestry,Astoria Heights,2020-05-31T02:31:51+00:00,663,342,https://twitter.com/TheLastTapestry,False,<geotext.geotext.GeoText object at 0x7fa6070ce490>,,
172,727726394088787968,talesftfandom,Tales from the Fandom Podcast,"Orlando, FL",2016-05-04T05:07:47+00:00,2004,1200,https://twitter.com/talesftfandom,False,<geotext.geotext.GeoText object at 0x7fa6070ce730>,Orlando,United States
174,778046710731804674,dbcrema_author,DB Crema,,2016-09-20T01:42:46+00:00,99,525,https://twitter.com/dbcrema_author,False,<geotext.geotext.GeoText object at 0x7fa6070ce550>,,
177,1064633477621002240,TheIndustry13,The Industry üáµüá∑,"South Florida, USA",2018-11-19T21:36:15+00:00,261,435,https://twitter.com/TheIndustry13,False,<geotext.geotext.GeoText object at 0x7fa6070ce7c0>,,United States
181,730511491049234433,BexGoos,Potato Lady Podcast Reviews,Potato,2016-05-11T21:34:46+00:00,1517,620,https://twitter.com/BexGoos,False,<geotext.geotext.GeoText object at 0x7fa6070ce850>,,
182,1238218302863937537,ghosts_train,Ghosts On A Train,Shattered Isles,2020-03-12T21:40:36+00:00,214,199,https://twitter.com/ghosts_train,False,<geotext.geotext.GeoText object at 0x7fa6070ce970>,,
184,2243215248,PhilSherwoodVO,Philomena,"Ontario, Canada",2013-12-13T02:19:39+00:00,243,153,https://twitter.com/PhilSherwoodVO,False,<geotext.geotext.GeoText object at 0x7fa6070cea60>,Ontario,Canada
186,3776727687,LinkVoximilian,Link Voximilian,F√≥dlan,2015-09-26T01:16:31+00:00,1075,1024,https://twitter.com/LinkVoximilian,False,<geotext.geotext.GeoText object at 0x7fa6070cea90>,,
188,1267837192757481473,TweetsAheadCast,Tweets Ahead Podcast üéôÔ∏è,Ireland,2020-06-02T15:15:36+00:00,418,541,https://twitter.com/TweetsAheadCast,False,<geotext.geotext.GeoText object at 0x7fa6070ced00>,,Ireland
191,1293438687624257538,need_3_mugs,Not Before Coffee ‚òïÔ∏é,,2020-08-12T06:46:39+00:00,3666,3404,https://twitter.com/need_3_mugs,False,<geotext.geotext.GeoText object at 0x7fa6070cec70>,,
199,36387222,talkradiox,TalkRadioX,Everywhere,2009-04-29T15:38:52+00:00,745,1034,https://twitter.com/talkradiox,False,<geotext.geotext.GeoText object at 0x7fa6070cedc0>,,
201,1327774877504462853,VAPonYouTube,The Villain's Advocate Podcast,,2020-11-15T00:46:25+00:00,64,142,https://twitter.com/VAPonYouTube,False,<geotext.geotext.GeoText object at 0x7fa6070cef70>,,
202,1345160324496896002,TurbulentBookw1,Turbulent Bookworm Podcasts,,2021-01-02T00:10:54+00:00,139,189,https://twitter.com/TurbulentBookw1,False,<geotext.geotext.GeoText object at 0x7fa6070ce9a0>,,
204,821850926243659776,EarbudsPodCol,Earbuds Podcast Collective,"New York, New York",2017-01-18T22:45:04+00:00,3894,808,https://twitter.com/EarbudsPodCol,False,<geotext.geotext.GeoText object at 0x7fa6070ce1c0>,New YorkNew York,United States
210,128440204,musciguy,Garret Godfrey ‚òïÔ∏èüìñüéôüéßüìö,"Phoenix, AZ",2010-04-01T03:44:17+00:00,465,784,https://twitter.com/musciguy,False,<geotext.geotext.GeoText object at 0x7fa6070ce0a0>,Phoenix,United States
211,1333885964582842373,CellarLetters,The Cellar Letters - Horror Audio Drama,,2020-12-01T21:29:40+00:00,294,239,https://twitter.com/CellarLetters,False,<geotext.geotext.GeoText object at 0x7fa60704b1c0>,,
220,35758116,JTTG,JTTG's age has increased by one.,"Oxford, UK",2009-04-27T14:44:21+00:00,425,601,https://twitter.com/JTTG,False,<geotext.geotext.GeoText object at 0x7fa60704b340>,Oxford,United Kingdom
224,1278016484623749120,TBHalflings,Three Black Halflings,All Podcasting Locations,2020-06-30T17:25:40+00:00,3542,1172,https://twitter.com/TBHalflings,False,<geotext.geotext.GeoText object at 0x7fa60704b3a0>,,
226,109601136,CJAggett,CJAggers - Author & WCCS host - SKAL!,"Wales, United Kingdom",2010-01-29T16:26:42+00:00,3580,2563,https://twitter.com/CJAggett,False,<geotext.geotext.GeoText object at 0x7fa60704b430>,,United Kingdom
240,1121896940617125894,DimensionPod,DimensionDoorPodcast,,2019-04-26T22:00:49+00:00,901,865,https://twitter.com/DimensionPod,False,<geotext.geotext.GeoText object at 0x7fa60704b490>,,
245,7871702,JoselinMane,üü£ Joselin Mane,"Boston, Ma",2007-08-01T05:46:11+00:00,15321,11453,https://twitter.com/JoselinMane,True,<geotext.geotext.GeoText object at 0x7fa60704b640>,Boston,
257,1302841365139795969,Heartwarrior24,Dionne Sanchez,,2020-09-07T05:29:44+00:00,885,1993,https://twitter.com/Heartwarrior24,False,<geotext.geotext.GeoText object at 0x7fa60704b760>,,
258,1333248272874545153,BallsyHistory,Ballsy History,,2020-11-30T03:15:57+00:00,666,1773,https://twitter.com/BallsyHistory,False,<geotext.geotext.GeoText object at 0x7fa60704b940>,,
263,1059513315376869378,OnceUponAGene,Effie Parks,"Seattle, WA",2018-11-05T18:30:34+00:00,875,1630,https://twitter.com/OnceUponAGene,False,<geotext.geotext.GeoText object at 0x7fa60704ba90>,Seattle,United States
276,84500512,sparker34621,Sean Parker üá∫üá∏,"Nashville, TN",2009-10-23T03:59:00+00:00,329,403,https://twitter.com/sparker34621,False,<geotext.geotext.GeoText object at 0x7fa60704bbe0>,Nashville,United States
277,18607132,Audible_Feast,Audible Feast,"Texas, USA",2009-01-04T18:04:22+00:00,4248,3681,https://twitter.com/Audible_Feast,False,<geotext.geotext.GeoText object at 0x7fa60704bc10>,Texas,United States
280,1294786298570571777,Justin02190324,Thoughts Off The Stem Podcast,Canada,2020-08-16T00:01:38+00:00,228,176,https://twitter.com/Justin02190324,False,<geotext.geotext.GeoText object at 0x7fa60704be80>,,Canada
282,1262533725700620299,sigmoncinema,E. Sigmon,"Texas, USA",2020-05-19T00:03:54+00:00,151,175,https://twitter.com/sigmoncinema,False,<geotext.geotext.GeoText object at 0x7fa60704bd60>,Texas,United States
283,3118880899,PodcastsInColor,Podcasts In Color (ran by Berry),"Denver,CO",2015-03-31T00:34:18+00:00,14452,120,https://twitter.com/PodcastsInColor,False,<geotext.geotext.GeoText object at 0x7fa60704bf40>,Denver,United States
288,1252958519000776704,TMIWPod,Tell Me I'm Wrong,"Kentucky, USA",2020-04-22T13:54:07+00:00,272,709,https://twitter.com/TMIWPod,False,<geotext.geotext.GeoText object at 0x7fa60704bcd0>,,United States
290,2336679762,MyCastReviews,My Podcast Reviews,"Cincinnati, OH",2014-02-10T13:25:27+00:00,652,373,https://twitter.com/MyCastReviews,False,<geotext.geotext.GeoText object at 0x7fa60704b160>,Cincinnati,United States
304,1040055324265406465,RoleLessTaken,Roulette's Littlest Plague Doctor and Friends,Most tweets by Grahame. He/Him,2018-09-13T01:51:27+00:00,821,1330,https://twitter.com/RoleLessTaken,False,<geotext.geotext.GeoText object at 0x7fa6071cdf40>,Most,
305,3336,vimoh,words are weapons ‚ö°,Republic of India,2006-07-28T17:34:24+00:00,23262,3866,https://twitter.com/vimoh,False,<geotext.geotext.GeoText object at 0x7fa6071cd2e0>,,India
306,1179028705785651201,Planthropology_,üå∏üå•Ô∏èPlanthropologyüåûüå±,"Lubbock, TX",2019-10-01T13:42:11+00:00,1720,1267,https://twitter.com/Planthropology_,False,<geotext.geotext.GeoText object at 0x7fa6071cdd90>,Lubbock,United States
317,21790046,w3consulting,Ray Sidney-Smith,DC/VA / NYC / PGH,2009-02-24T19:59:38+00:00,1515,1304,https://twitter.com/w3consulting,False,<geotext.geotext.GeoText object at 0x7fa6071cd1f0>,,United States
324,1281970706910195712,SpyHards,SpyHards Podcast,Classified,2020-07-11T15:17:00+00:00,2669,1738,https://twitter.com/SpyHards,False,<geotext.geotext.GeoText object at 0x7fa6071cd820>,,
326,1244803772276191232,smalltalks17,üéô Small talks (at midnight) podcast,,2020-03-31T01:48:59+00:00,101,102,https://twitter.com/smalltalks17,False,<geotext.geotext.GeoText object at 0x7fa6071cdaf0>,,
327,1196589794953809921,AFictionalHubb1,A_Fictional_Hubbard,SoCal,2019-11-19T00:43:45+00:00,5748,4934,https://twitter.com/AFictionalHubb1,False,<geotext.geotext.GeoText object at 0x7fa607189130>,,
333,1300747956337991681,TIDRPodshow,The Insanely Dangerous Retro Podshow,"Southampton, England",2020-09-01T10:51:12+00:00,3988,3984,https://twitter.com/TIDRPodshow,False,<geotext.geotext.GeoText object at 0x7fa6071893d0>,Southampton,United Kingdom
334,999768563241005056,Podhero,Podhero,"San Francisco, CA",2018-05-24T21:46:15+00:00,791,599,https://twitter.com/Podhero,False,<geotext.geotext.GeoText object at 0x7fa607189700>,San Francisco,United States
335,1278751654502948865,_JustAddDragons,Just Add Dragons Podcast üêâ,"Manchester, Greater Manchester",2020-07-02T18:06:13+00:00,191,444,https://twitter.com/_JustAddDragons,False,<geotext.geotext.GeoText object at 0x7fa6071895b0>,Manchester,United Kingdom
337,4753475722,Conor_The_Geek,Conor Bredin,Right pocket,2016-01-09T10:19:58+00:00,2050,1242,https://twitter.com/Conor_The_Geek,False,<geotext.geotext.GeoText object at 0x7fa607189a60>,,
338,1362647221594779651,jar_roger,Roger Nairn üö¢,in between your ears,2021-02-19T06:18:00+00:00,204,577,https://twitter.com/jar_roger,False,<geotext.geotext.GeoText object at 0x7fa607189a00>,,
339,806252337467490305,SquadCastFM,SquadCast.fm,"California, USA",2016-12-06T21:41:51+00:00,3291,944,https://twitter.com/SquadCastFM,False,<geotext.geotext.GeoText object at 0x7fa607189af0>,,United States
340,1039683168171745280,ToneDeafMusical,Tone Deaf: A Theatre Nerd's Guide for their Spouse,"Utah, USA",2018-09-12T01:12:38+00:00,951,1189,https://twitter.com/ToneDeafMusical,False,<geotext.geotext.GeoText object at 0x7fa607189610>,,United States
344,1359697858744745986,PlaylistWars,Playlist Wars üëäüèº,"New Jersey, USA",2021-02-11T02:57:01+00:00,1082,1076,https://twitter.com/PlaylistWars,False,<geotext.geotext.GeoText object at 0x7fa607189f40>,,United Kingdom
346,907114025116454912,malene_gitte,Gitte Malene Jensen,Danmark,2017-09-11T05:30:11+00:00,742,578,https://twitter.com/malene_gitte,False,<geotext.geotext.GeoText object at 0x7fa6071897f0>,,
348,1049383180610887680,_joe_stone_,Joe Stone,PDX - LA - SEA - NYC,2018-10-08T19:37:01+00:00,330,1178,https://twitter.com/_joe_stone_,False,<geotext.geotext.GeoText object at 0x7fa607189640>,,United States
349,723174956754935809,DanielGoodson12,Daniel Goodson,Schweiz,2016-04-21T15:42:00+00:00,223,567,https://twitter.com/DanielGoodson12,False,<geotext.geotext.GeoText object at 0x7fa6070020a0>,,
350,3173435063,DelawareBlogger,ùìêùì∑ùìΩùì≤ùì∏ùì∑ùìÆùìΩùìΩùìÆ ùìëùìµùì™ùì¥ùìÆ,"Smyrna, DE",2015-04-16T17:20:38+00:00,3514,4994,https://twitter.com/DelawareBlogger,False,<geotext.geotext.GeoText object at 0x7fa607002100>,Smyrna,United States
352,258269286,garethsounds,Gareth Davies üé∂ ‚òï,Shepperton,2011-02-27T09:50:08+00:00,1324,1122,https://twitter.com/garethsounds,False,<geotext.geotext.GeoText object at 0x7fa6070022b0>,,
355,1217561558148055041,NrdAlternative,The Nerd Alternative,,2020-01-15T21:38:35+00:00,1477,1649,https://twitter.com/NrdAlternative,False,<geotext.geotext.GeoText object at 0x7fa607002370>,,
357,1217819737385816066,OSWpodcast1,üé¨On Second WatchüéôPodcast,"Michigan, USA",2020-01-16T14:43:54+00:00,2464,2456,https://twitter.com/OSWpodcast1,False,<geotext.geotext.GeoText object at 0x7fa6070024c0>,Michigan,United States
361,2161043102,wendyly74,Wendy Morrill,"Amsterdam, The Netherlands",2013-10-28T14:51:44+00:00,312,822,https://twitter.com/wendyly74,False,<geotext.geotext.GeoText object at 0x7fa6070025e0>,Amsterdam,
370,2480248968,TSFTMpod,That Song From That Movie üëëüê´,,2014-05-06T19:19:44+00:00,4641,3343,https://twitter.com/TSFTMpod,False,<geotext.geotext.GeoText object at 0x7fa607002730>,,
371,883380281746575361,CasualBirderPod,Casual Birder Podcast,UK,2017-07-07T17:40:46+00:00,2665,2698,https://twitter.com/CasualBirderPod,False,<geotext.geotext.GeoText object at 0x7fa607002820>,,United Kingdom
393,1126837140548194304,firsttimetriers,First Time Triers,"London, England",2019-05-10T13:11:24+00:00,1392,2145,https://twitter.com/firsttimetriers,False,<geotext.geotext.GeoText object at 0x7fa607002910>,London,United Kingdom
417,1224782558254243842,PersuadePod,Persuade You,,2020-02-04T19:51:41+00:00,78,30,https://twitter.com/PersuadePod,False,<geotext.geotext.GeoText object at 0x7fa6070029d0>,,
433,1060553796986773504,tfyhpodcast,Time For Your Hobby Podcast,"Ottawa, Ontario",2018-11-08T15:25:04+00:00,661,710,https://twitter.com/tfyhpodcast,False,<geotext.geotext.GeoText object at 0x7fa607002c40>,OttawaOntario,Canada
448,1288142784990502915,GeopatsLanguage,Geopats Language,,2020-07-28T16:02:35+00:00,270,651,https://twitter.com/GeopatsLanguage,False,<geotext.geotext.GeoText object at 0x7fa607002d30>,,
464,1273806609706180608,StormClericJosh,Josh The GM,,2020-06-19T02:35:44+00:00,159,685,https://twitter.com/StormClericJosh,False,<geotext.geotext.GeoText object at 0x7fa607002ee0>,,
468,42290868,LaydenRobinson,Layden Robinson,"San Diego, CA",2009-05-24T22:04:27+00:00,83194,91486,https://twitter.com/LaydenRobinson,False,<geotext.geotext.GeoText object at 0x7fa607002f10>,San Diego,United States
475,1329802414787088388,KidsWatching,"Kids, What Are We Watching Tonight?",,2020-11-20T15:04:58+00:00,434,363,https://twitter.com/KidsWatching,False,<geotext.geotext.GeoText object at 0x7fa607002190>,,
479,177920251,willkee,William Kee,Canada,2010-08-13T11:57:16+00:00,462,1008,https://twitter.com/willkee,False,<geotext.geotext.GeoText object at 0x7fa607002040>,,Canada
482,1277007537452146688,AcrossTheVeil,Across The Veil,,2020-06-27T22:35:12+00:00,828,891,https://twitter.com/AcrossTheVeil,False,<geotext.geotext.GeoText object at 0x7fa6072473a0>,,
484,1258921480714358785,AgentsofD,Agents of DAMNED,,2020-05-09T00:47:50+00:00,1001,925,https://twitter.com/AgentsofD,False,<geotext.geotext.GeoText object at 0x7fa607247340>,,
486,475063338,deeechap,Deanna Chapman,,2012-01-26T17:02:45+00:00,801,799,https://twitter.com/deeechap,False,<geotext.geotext.GeoText object at 0x7fa607247370>,,
495,481023474,TooToasted,Rackham The Dancing Bugbear,"Arizona, USA",2012-02-02T06:23:59+00:00,244,468,https://twitter.com/TooToasted,False,<geotext.geotext.GeoText object at 0x7fa6072479a0>,,United States
496,161652095,coldcallers,Cold Callers Comedy,"London, England",2010-07-01T11:49:44+00:00,2908,2355,https://twitter.com/coldcallers,False,<geotext.geotext.GeoText object at 0x7fa607247f40>,London,United Kingdom
502,1001146888052264961,WithGoodCo,WGC Productions,"Tampa, FL",2018-05-28T17:03:13+00:00,585,591,https://twitter.com/WithGoodCo,False,<geotext.geotext.GeoText object at 0x7fa6072474f0>,Tampa,United States
504,1355011084864909315,YuDiveDeep,Yu Dive Deep,,2021-01-29T04:33:20+00:00,47,33,https://twitter.com/YuDiveDeep,False,<geotext.geotext.GeoText object at 0x7fa607247fa0>,,
511,733497989558239232,bbmediaindust1,BB Media Industries,"Phoenix, AZ",2016-05-20T03:22:03+00:00,200,633,https://twitter.com/bbmediaindust1,False,<geotext.geotext.GeoText object at 0x7fa607247e80>,Phoenix,United States
512,28219407,saxy15,Brooke Brown,"Phoenix, AZ",2009-04-01T22:56:59+00:00,2111,3027,https://twitter.com/saxy15,False,<geotext.geotext.GeoText object at 0x7fa607247dc0>,Phoenix,United States
514,14259245,CodyLPatterson,Cody L. Patterson ü§òüèª,"Jonesborough, TN",2008-03-30T16:45:37+00:00,119,274,https://twitter.com/CodyLPatterson,False,<geotext.geotext.GeoText object at 0x7fa607247d30>,,United States
516,1102037860583116800,DicePopuli,DicePopuli,The Badlands,2019-03-03T02:47:55+00:00,1869,1048,https://twitter.com/DicePopuli,False,<geotext.geotext.GeoText object at 0x7fa606fc1160>,,
517,23214455,sakeriver,Mike Sakasegawa,"San Diego, CA",2009-03-07T17:39:02+00:00,2903,382,https://twitter.com/sakeriver,False,<geotext.geotext.GeoText object at 0x7fa606fc12e0>,San Diego,United States
525,1015452876880003072,RunningEducator,The Running Educator,Riverland East ,2018-07-07T04:30:06+00:00,967,1257,https://twitter.com/RunningEducator,False,<geotext.geotext.GeoText object at 0x7fa606fc1310>,,
527,1108380658953584640,casperoliverVO,Casper Oliver (they/them)‚òÄÔ∏èüè≥Ô∏è‚Äç‚ößÔ∏è,United States,2019-03-20T14:51:56+00:00,1635,762,https://twitter.com/casperoliverVO,False,<geotext.geotext.GeoText object at 0x7fa606fc13d0>,,United States
529,716786506405257216,agttimepod,AGT Time,,2016-04-04T00:36:35+00:00,58,152,https://twitter.com/agttimepod,False,<geotext.geotext.GeoText object at 0x7fa606fc14c0>,,
539,790400974628196356,AutumnTheAries,Youtubian @ #LitLifePodcast,"Atlanta, GA",2016-10-24T03:54:12+00:00,1910,1273,https://twitter.com/AutumnTheAries,False,<geotext.geotext.GeoText object at 0x7fa606fc1520>,Atlanta,United States
542,29527542,liz_horowitz,Liz Horowitz,New York,2009-04-07T19:54:31+00:00,254,1232,https://twitter.com/liz_horowitz,False,<geotext.geotext.GeoText object at 0x7fa606fc15b0>,New York,United States
543,1168577230911549440,nightmaretown18,NightmareTown Podcast,"Cookeville, TN",2019-09-02T17:32:49+00:00,66,119,https://twitter.com/nightmaretown18,False,<geotext.geotext.GeoText object at 0x7fa606fc1610>,Cookeville,United States
546,1169488454071271424,1QPortion,ü¶ãùïÜùïüùïñ ‚Ñöùï¶ùïíùï£ùï•ùïñùï£ ‚Ñôùï†ùï£ùï•ùïöùï†ùïüü¶ã,Jakku,2019-09-05T05:52:43+00:00,138,254,https://twitter.com/1QPortion,False,<geotext.geotext.GeoText object at 0x7fa606fc16a0>,,
549,1138807970958008320,popculturebrews,Pop Culture Brews Podcast,"Colorado, USA",2019-06-12T13:59:13+00:00,946,1619,https://twitter.com/popculturebrews,False,<geotext.geotext.GeoText object at 0x7fa606fc1700>,Colorado,United States
552,4850259013,BlackMeUpPodcst,Black Me Up Podcast ‚¨ÜÔ∏è,"Seattle, WA",2016-02-02T17:35:20+00:00,1493,3338,https://twitter.com/BlackMeUpPodcst,False,<geotext.geotext.GeoText object at 0x7fa606fc17f0>,Seattle,United States
553,745445301847154688,TheophanyMedia,Theophany Media,"Oklahoma City, OK",2016-06-22T02:36:24+00:00,574,720,https://twitter.com/TheophanyMedia,False,<geotext.geotext.GeoText object at 0x7fa606fc1850>,Oklahoma City,United States
554,1257793405259841542,MalevolentCast,ùó†ùóîùóüùóòùó©ùó¢ùóüùóòùó°ùóß,"ùêÄùê´ùê§ùê°ùêöùê¶, ùêåùêöùê¨ùê¨.",2020-05-05T22:04:58+00:00,251,170,https://twitter.com/MalevolentCast,False,<geotext.geotext.GeoText object at 0x7fa606fc1940>,,
555,1298614213364064258,AlanMcGill14,Alan McGill,,2020-08-26T13:32:29+00:00,685,651,https://twitter.com/AlanMcGill14,False,<geotext.geotext.GeoText object at 0x7fa606fc19d0>,,
556,1162203668550000640,DiceShame,Dice Shame üéô,Canada,2019-08-16T03:25:30+00:00,1043,890,https://twitter.com/DiceShame,False,<geotext.geotext.GeoText object at 0x7fa606fc1a00>,,Canada
558,1732575464,JakeDoberenz,Jake Doberenz,"Oklahoma City, OK",2013-09-05T17:30:15+00:00,640,1439,https://twitter.com/JakeDoberenz,False,<geotext.geotext.GeoText object at 0x7fa606fc1a30>,Oklahoma City,United States
559,1292930559757492224,HHIBKHPodcast,Haunt Her? I Barely Know Her!,,2020-08-10T21:07:33+00:00,575,409,https://twitter.com/HHIBKHPodcast,False,<geotext.geotext.GeoText object at 0x7fa606fc1670>,,
561,1090481217793916928,fanonballpod,fanonball!,"max: they/them, beth: she/they",2019-01-30T05:25:57+00:00,121,38,https://twitter.com/fanonballpod,False,<geotext.geotext.GeoText object at 0x7fa606fc1bb0>,,
566,1318972658671783936,fireside_canada,Fireside Canada üá®üá¶,"BC, Canada / S'√≥lh T√©m√©xw",2020-10-21T17:49:50+00:00,500,273,https://twitter.com/fireside_canada,False,<geotext.geotext.GeoText object at 0x7fa606fc1c10>,,Canada
568,58314531,Dantendo64,y - Ding Dang Dan,,2009-07-19T22:41:09+00:00,918,1522,https://twitter.com/Dantendo64,False,<geotext.geotext.GeoText object at 0x7fa606fc1c70>,,
569,1339570611287445506,GabbyScratch,Gabby & Scratch,,2020-12-17T13:58:30+00:00,63,466,https://twitter.com/GabbyScratch,False,<geotext.geotext.GeoText object at 0x7fa606fc1be0>,,
572,1267791299345813504,nosmallrolls,No Small Rolls,,2020-06-02T12:13:05+00:00,836,874,https://twitter.com/nosmallrolls,False,<geotext.geotext.GeoText object at 0x7fa606fc1d30>,,
574,1101617456945287169,StarWarsSession,Star Wars Sessions Podcast,"Essex, UK",2019-03-01T22:57:23+00:00,1668,1797,https://twitter.com/StarWarsSession,False,<geotext.geotext.GeoText object at 0x7fa606fc1e80>,Essex,United Kingdom
576,1328161584665952261,openthecabinet,The Cabinet of Dr. Mystery,Canada,2020-11-16T02:23:14+00:00,588,691,https://twitter.com/openthecabinet,False,<geotext.geotext.GeoText object at 0x7fa606fc1f70>,,Canada
579,1118738317842026497,CrypticPodcast,Cryptic Podcast,Tallmad,2019-04-18T04:49:34+00:00,733,1295,https://twitter.com/CrypticPodcast,False,<geotext.geotext.GeoText object at 0x7fa606fc1130>,,
582,1207711261187878914,WafflesMaple,WafflesMapleSyrup - Podcast & Stream,,2019-12-19T17:16:29+00:00,2183,973,https://twitter.com/WafflesMaple,False,<geotext.geotext.GeoText object at 0x7fa606f8d100>,,
583,1191909883534364673,ThePianoPod,The Piano Histories Podcast,,2019-11-06T02:49:18+00:00,232,425,https://twitter.com/ThePianoPod,False,<geotext.geotext.GeoText object at 0x7fa606f8d190>,,
597,1245879326249291777,OblivionBarPod,The Oblivion Bar: A Nerd-Culture Podcast,The Grid,2020-04-03T01:02:53+00:00,6695,3640,https://twitter.com/OblivionBarPod,False,<geotext.geotext.GeoText object at 0x7fa606f8d220>,,
601,41737705,mistyphillip,Misty Phillip,"Texas, USA",2009-05-22T02:57:07+00:00,2004,1266,https://twitter.com/mistyphillip,False,<geotext.geotext.GeoText object at 0x7fa606f8d280>,Texas,United States
602,1177015505410039808,sparkpodmedia,Spark Media,"Houston, TX",2019-09-26T00:22:26+00:00,174,201,https://twitter.com/sparkpodmedia,False,<geotext.geotext.GeoText object at 0x7fa606f8d370>,Houston,United States
607,767816299103784960,fictoplasm,Ralph Lovegrove üíô,,2016-08-22T20:10:45+00:00,183,118,https://twitter.com/fictoplasm,False,<geotext.geotext.GeoText object at 0x7fa606f8d3a0>,,
610,1290734921850519553,ufliminwblt,Unfiltered Limin` w/ BLT Podcastüéô,,2020-08-04T19:43:13+00:00,106,400,https://twitter.com/ufliminwblt,False,<geotext.geotext.GeoText object at 0x7fa606f8d430>,,
611,1184841334768713729,lifeslice3,Lifeslice Podcast,Montr√©al,2019-10-17T14:39:29+00:00,111,217,https://twitter.com/lifeslice3,False,<geotext.geotext.GeoText object at 0x7fa606f8d580>,Montr√©al,
618,1288475538722562052,BookingPod,PodBooking,,2020-07-29T14:04:50+00:00,289,413,https://twitter.com/BookingPod,False,<geotext.geotext.GeoText object at 0x7fa606f8d610>,,
619,1226391372346855424,WeGetDubbed,WeGetDubbed Podcast,"Queens, NY",2020-02-09T06:25:14+00:00,821,828,https://twitter.com/WeGetDubbed,False,<geotext.geotext.GeoText object at 0x7fa606f8d6a0>,,United States
622,785506104360992768,the_smart_party,Gaz - The Smart Party RPG Podcast,,2016-10-10T15:43:44+00:00,1269,707,https://twitter.com/the_smart_party,False,<geotext.geotext.GeoText object at 0x7fa606f8d730>,,
632,1282529376337305600,GobletsandGays,üëë Goblets and Gays Podcast üëë,Fantasy Land,2020-07-13T04:16:54+00:00,1525,753,https://twitter.com/GobletsandGays,False,<geotext.geotext.GeoText object at 0x7fa606f8d820>,,
634,1290349300719837184,OddTroupe,TheOddTroupe,,2020-08-03T18:10:32+00:00,109,73,https://twitter.com/OddTroupe,False,<geotext.geotext.GeoText object at 0x7fa606f8d850>,,
638,760818219263328256,DrinkingwithJon,Jon Dispenza,North Carolina,2016-08-03T12:42:53+00:00,139,93,https://twitter.com/DrinkingwithJon,False,<geotext.geotext.GeoText object at 0x7fa606f8da30>,,United States
646,895090667159867392,GPVarietyHour,GenePoolVarietyHour,,2017-08-09T01:13:39+00:00,60,43,https://twitter.com/GPVarietyHour,False,<geotext.geotext.GeoText object at 0x7fa606f8dac0>,,
651,21389716,MarkCockram,The Human Palindrome,England,2009-02-20T11:21:24+00:00,715,515,https://twitter.com/MarkCockram,False,<geotext.geotext.GeoText object at 0x7fa606f8dc10>,,United Kingdom
706,4451071409,RyanSBrown411,Ryan Brown,"Nashville, TN",2015-12-11T18:28:54+00:00,143,588,https://twitter.com/RyanSBrown411,False,<geotext.geotext.GeoText object at 0x7fa606f8dc40>,Nashville,United States
707,3384850745,StaceysParlour,Stacey's Pop Culture Parlour üíô,"Birmingham, England",2015-07-20T19:24:16+00:00,2605,4255,https://twitter.com/StaceysParlour,False,<geotext.geotext.GeoText object at 0x7fa606f8dd60>,Birmingham,United Kingdom
708,1269971047656423430,KudzuKillerspod,Kudzu Killers Podcast,Texas US,2020-06-08T12:34:45+00:00,2705,1805,https://twitter.com/KudzuKillerspod,False,<geotext.geotext.GeoText object at 0x7fa606f8ddc0>,Texas,United States
710,1089211926167633920,MicsAndMonsters,Microphones & Monsters,,2019-01-26T17:22:14+00:00,3504,3322,https://twitter.com/MicsAndMonsters,False,<geotext.geotext.GeoText object at 0x7fa606f8dee0>,,
712,1268743361973891073,NicoleVoice,Nicole Tuttle (VA),,2020-06-05T03:16:15+00:00,2313,1990,https://twitter.com/NicoleVoice,False,<geotext.geotext.GeoText object at 0x7fa606f8dfa0>,,
713,1143851439913099264,GBMickeyWaffle,The Great British Mickey Waffle,United Kingdom,2019-06-26T12:00:09+00:00,752,794,https://twitter.com/GBMickeyWaffle,False,<geotext.geotext.GeoText object at 0x7fa606f8d0a0>,,United Kingdom
724,4056011122,realnealveglio,Neal Veglio,"Oxford, England",2015-10-27T20:56:00+00:00,3367,2696,https://twitter.com/realnealveglio,False,<geotext.geotext.GeoText object at 0x7fa606f48250>,Oxford,United Kingdom
731,1107040825039601664,encounter_party,Encounter Party! | Campaign 1 Available Now!,"New York, NY",2019-03-16T22:07:55+00:00,1833,3342,https://twitter.com/encounter_party,False,<geotext.geotext.GeoText object at 0x7fa606f48430>,New York,United States
732,1231331098359214081,MrNobodyPodcast,The Mr. Nobody Podcast,Nowhere ,2020-02-22T21:33:31+00:00,1329,1051,https://twitter.com/MrNobodyPodcast,False,<geotext.geotext.GeoText object at 0x7fa606f484c0>,,
733,1249016356042932230,SatMornPod,The Saturday Morning Podcast,Toon Town,2020-04-11T16:48:09+00:00,1505,4613,https://twitter.com/SatMornPod,False,<geotext.geotext.GeoText object at 0x7fa606f48640>,,
741,1251994042994393093,OffTheBeatenPod,Off The Beaten Podcast,"Chicago, IL",2020-04-19T22:00:29+00:00,161,397,https://twitter.com/OffTheBeatenPod,False,<geotext.geotext.GeoText object at 0x7fa606f48730>,Chicago,United States
744,1551915367,PittsburghNerd,Pittsburgh Nerd Podcast,"Pittsburgh, Pa, USA",2013-06-28T01:13:17+00:00,9109,8312,https://twitter.com/PittsburghNerd,False,<geotext.geotext.GeoText object at 0x7fa606f48790>,Pittsburgh,United States
745,1273046952561848321,NTHuntPodcast,National Treasure Hunt,Heere at the Wall,2020-06-17T00:17:11+00:00,2228,2078,https://twitter.com/NTHuntPodcast,False,<geotext.geotext.GeoText object at 0x7fa606f48970>,,
746,432726699,WolfShepherdPod,The Wolf And The Shepherd Podcast,"Fort Worth, Texas",2011-12-09T18:18:54+00:00,533,272,https://twitter.com/WolfShepherdPod,False,<geotext.geotext.GeoText object at 0x7fa606f48a00>,Fort WorthTexas,United States
752,818930667258003458,Centuries_Sound,Centuries of Sound,"Cambridge, England",2017-01-10T21:21:00+00:00,713,385,https://twitter.com/Centuries_Sound,False,<geotext.geotext.GeoText object at 0x7fa606f48a60>,Cambridge,United Kingdom
760,1027004158224867328,PodRealms,Little Realms Podcast,United States,2018-08-08T01:30:46+00:00,2123,1771,https://twitter.com/PodRealms,False,<geotext.geotext.GeoText object at 0x7fa606f48ac0>,,United States
763,180845526,TedHudson_,Ted Hudson,"Hamilton, Ontario",2010-08-20T16:55:08+00:00,3598,4041,https://twitter.com/TedHudson_,False,<geotext.geotext.GeoText object at 0x7fa606f48af0>,HamiltonOntario,Canada
765,1314650867178631170,wwpcast,The Work With Purpose Podcast,,2020-10-09T19:36:26+00:00,28,48,https://twitter.com/wwpcast,False,<geotext.geotext.GeoText object at 0x7fa606f48b80>,,
778,1236001249696284672,GreenBenchStory,#ElderWisdom,Worldwide,2020-03-06T18:50:53+00:00,969,2710,https://twitter.com/GreenBenchStory,False,<geotext.geotext.GeoText object at 0x7fa606f48d30>,,
789,1226365329145827328,indiedropin,Indie Drop-In | Feature your podcast,United States,2020-02-09T04:41:40+00:00,2708,3389,https://twitter.com/indiedropin,False,<geotext.geotext.GeoText object at 0x7fa606f48dc0>,,United States
793,492487840,justnascience,Just Na Science,"New York, NY",2012-02-14T19:42:23+00:00,498,271,https://twitter.com/justnascience,False,<geotext.geotext.GeoText object at 0x7fa606f48ee0>,New York,United States
795,720730860,MichaelDooney_,Michael Dooney,"Berlin, Deutschland",2012-07-27T19:30:36+00:00,1269,994,https://twitter.com/MichaelDooney_,False,<geotext.geotext.GeoText object at 0x7fa606f48f10>,Berlin,Germany
797,1044944247760261120,NooksCrannie,Nooks and Crannies Podcast,Canada,2018-09-26T13:38:17+00:00,1406,1187,https://twitter.com/NooksCrannie,False,<geotext.geotext.GeoText object at 0x7fa606f48fd0>,,Canada
799,912146365333037056,PendingPod,Ending Pending,,2017-09-25T02:46:55+00:00,300,439,https://twitter.com/PendingPod,False,<geotext.geotext.GeoText object at 0x7fa606f48220>,,
800,1248752784012447747,fdspodcast7,"Fat, Drunk and Stupid Podcast",Joplin MO,2020-04-10T23:20:47+00:00,5677,5026,https://twitter.com/fdspodcast7,False,<geotext.geotext.GeoText object at 0x7fa606f05280>,Joplin,United States
803,26366164,neddonovan,Ned Donovan (He/Him),"Brooklyn, NY",2009-03-25T00:05:14+00:00,1125,964,https://twitter.com/neddonovan,False,<geotext.geotext.GeoText object at 0x7fa606f053d0>,Brooklyn,United States
809,1101008055783706625,arithisandthat,Arielle Nissenblatt (sounds like 'this and that'),"New York, USA",2019-02-28T06:35:51+00:00,1950,800,https://twitter.com/arithisandthat,False,<geotext.geotext.GeoText object at 0x7fa606f05460>,New York,United States
831,708264423543058433,Hold_steadfast,Holding Steadfast,"Melbourne, Victoria",2016-03-11T12:12:52+00:00,270,248,https://twitter.com/Hold_steadfast,False,<geotext.geotext.GeoText object at 0x7fa606f05610>,MelbourneVictoria,
835,66324444,Hayden_W,Hayden John Woodhead,"Vancouver, BC",2009-08-17T10:17:30+00:00,756,1777,https://twitter.com/Hayden_W,False,<geotext.geotext.GeoText object at 0x7fa606f056a0>,Vancouver,
836,1318553961742434305,fromacertainpo1,From a Certain Point of View podcast,"Vancouver, British Columbia",2020-10-20T14:06:06+00:00,46,68,https://twitter.com/fromacertainpo1,False,<geotext.geotext.GeoText object at 0x7fa606f05700>,Vancouver,Canada
837,1204511615112093698,PodcastTENP,The Emperor's New Podcast,,2019-12-10T21:22:09+00:00,304,589,https://twitter.com/PodcastTENP,False,<geotext.geotext.GeoText object at 0x7fa606f05880>,,
839,933763093,ScottKumka,Scott Kumka,Florida,2012-11-08T05:52:26+00:00,937,1079,https://twitter.com/ScottKumka,False,<geotext.geotext.GeoText object at 0x7fa606f059a0>,Florida,United States
846,1000014134795161600,ShockedApplaud,üò±Shocked & ApplaudüëèüèΩ,"Federal Way, WA",2018-05-25T14:02:03+00:00,1428,1287,https://twitter.com/ShockedApplaud,False,<geotext.geotext.GeoText object at 0x7fa606f05a90>,Federal Way,United States
848,1294654566944796672,channel_krt,Channel KRT Podcast,,2020-08-15T15:18:12+00:00,204,200,https://twitter.com/channel_krt,False,<geotext.geotext.GeoText object at 0x7fa606f05ac0>,,
857,291458408,SchwarzJames,James Schwarz,"Tempe, Arizona",2011-05-02T01:58:21+00:00,323,336,https://twitter.com/SchwarzJames,False,<geotext.geotext.GeoText object at 0x7fa606f05c10>,Tempe,United States
859,1256975145895374849,definingdisney,Defining Disney Podcast,,2020-05-03T15:53:34+00:00,552,354,https://twitter.com/definingdisney,False,<geotext.geotext.GeoText object at 0x7fa606f05ca0>,,
860,1000051189986177025,castjunkie,CastJunkie,"Washington, USA",2018-05-25T16:29:18+00:00,4101,257,https://twitter.com/castjunkie,False,<geotext.geotext.GeoText object at 0x7fa606f05d00>,Washington,United States
868,1282157851323109378,CallItLikeIDont,Call It Like I Dont See It Podcast,"Houston, TX",2020-07-12T03:41:03+00:00,142,156,https://twitter.com/CallItLikeIDont,False,<geotext.geotext.GeoText object at 0x7fa606f05e80>,Houston,United States
873,466704299,MikePetersonAL,MC Paperstacks ‚ò≠,Indianapolis,2012-01-17T18:07:08+00:00,1895,2056,https://twitter.com/MikePetersonAL,False,<geotext.geotext.GeoText object at 0x7fa606f05fa0>,Indianapolis,United States
879,1120982370,ThiefCGT,Carlo üáµüá∑,"Dorado, Puerto Rico",2013-01-26T05:02:07+00:00,1008,2339,https://twitter.com/ThiefCGT,False,<geotext.geotext.GeoText object at 0x7fa606f05fd0>,,United States
892,1255866496665956352,No_Appointment,Matt and Russ - No Appointment Necessary,"England, United Kingdom",2020-04-30T14:28:13+00:00,317,160,https://twitter.com/No_Appointment,False,<geotext.geotext.GeoText object at 0x7fa606f05160>,,United Kingdom
894,1082345165057073153,TGOTpodcast,Those Guys Over There,DMV,2019-01-07T18:36:11+00:00,318,271,https://twitter.com/TGOTpodcast,False,<geotext.geotext.GeoText object at 0x7fa606ec6220>,,
896,1291952568223047681,RealMFresh,Matt,"Toronto, Ontario",2020-08-08T04:21:17+00:00,60,417,https://twitter.com/RealMFresh,False,<geotext.geotext.GeoText object at 0x7fa606ec62e0>,TorontoOntario,Canada
898,20244980,JsnKnght,üéô Jason Knight - oneknightinproduct.comüéô,"London, UK",2009-02-06T15:37:29+00:00,1122,969,https://twitter.com/JsnKnght,False,<geotext.geotext.GeoText object at 0x7fa606ec6340>,London,United Kingdom
901,22501090,mrnesi,üü£üü¢ Christopher J. Nesi üéô,New Jersey & Your Ears,2009-03-02T16:34:37+00:00,7568,1247,https://twitter.com/mrnesi,False,<geotext.geotext.GeoText object at 0x7fa606ec6520>,,United Kingdom
903,4204968778,podcastbrunch,Podcast Brunch Club,Worldwide,2015-11-16T21:46:43+00:00,6301,4839,https://twitter.com/podcastbrunch,False,<geotext.geotext.GeoText object at 0x7fa606ec6400>,,
907,718603001867476993,RussophilesU,Russophiles Unite! Movie Podcast,"Milton Keynes, United Kingdom",2016-04-09T00:54:41+00:00,2948,4998,https://twitter.com/RussophilesU,False,<geotext.geotext.GeoText object at 0x7fa606ec6760>,Milton Keynes,United Kingdom
915,24511641,Suzy_Bee,Casual Birder Suzy,UK,2009-03-15T11:24:07+00:00,575,1179,https://twitter.com/Suzy_Bee,False,<geotext.geotext.GeoText object at 0x7fa606ec6820>,,United Kingdom
948,1220652146649128963,mindfulness_for,"Shaun, Mindfulness for Beginners Podcast",,2020-01-24T10:18:52+00:00,3269,4964,https://twitter.com/mindfulness_for,False,<geotext.geotext.GeoText object at 0x7fa606ec68b0>,,
949,59517991,lightb4sound,Neil Spencer Bruce,"Manchester, UK",2009-07-23T16:46:01+00:00,857,346,https://twitter.com/lightb4sound,False,<geotext.geotext.GeoText object at 0x7fa606ec69a0>,Manchester,United Kingdom
950,1085329370820931584,TalkTied,Tongue Tied Talk Show,Sunny SoCal,2019-01-16T00:14:21+00:00,37,114,https://twitter.com/TalkTied,False,<geotext.geotext.GeoText object at 0x7fa606ec6a30>,,
951,1171110682617679872,DietCommon,The Diet of Common Sense,,2019-09-09T17:18:59+00:00,190,322,https://twitter.com/DietCommon,False,<geotext.geotext.GeoText object at 0x7fa606ec6b80>,,
952,1234135687303237633,BIPdotDND,Bardic Inspiration Podcast,"Buffalo, NY",2020-03-01T15:17:54+00:00,70,83,https://twitter.com/BIPdotDND,False,<geotext.geotext.GeoText object at 0x7fa606ec6bb0>,Buffalo,United States
958,1250147770926800897,traditionalpod,Non Traditional Podcast,,2020-04-14T19:44:06+00:00,17,27,https://twitter.com/traditionalpod,False,<geotext.geotext.GeoText object at 0x7fa606ec6ca0>,,
964,1237802328922763271,CalliopicProd,Calliopic Productions,üè¥Û†ÅßÛ†Å¢Û†Å∑Û†Å¨Û†Å≥Û†Åø,2020-03-11T18:07:41+00:00,266,107,https://twitter.com/CalliopicProd,False,<geotext.geotext.GeoText object at 0x7fa606ec6d00>,,
973,1111436311213297664,PapaPhDPodcast,Takeover by Parag to talk about Covid INDIA,,2019-03-29T01:14:00+00:00,2654,2524,https://twitter.com/PapaPhDPodcast,False,<geotext.geotext.GeoText object at 0x7fa606ec6d30>,,
974,1307140862942404608,WineChatsPod,Wine Chats Podcast,"Brisbane, Queensland",2020-09-19T02:14:10+00:00,251,219,https://twitter.com/WineChatsPod,False,<geotext.geotext.GeoText object at 0x7fa606ec6e20>,Brisbane,
978,1294406909462810626,TLDRBible,TL;DR Bible,,2020-08-14T22:54:06+00:00,44,188,https://twitter.com/TLDRBible,False,<geotext.geotext.GeoText object at 0x7fa606ec6f70>,,
981,1288981471470944256,DearGradStudent,‚ú®Dear Grad Student Podcast‚ú®,the *vaccinated* lab (finally),2020-07-30T23:35:30+00:00,3927,1306,https://twitter.com/DearGradStudent,False,<geotext.geotext.GeoText object at 0x7fa606ec6f40>,,
982,1294368211,TheCaptain1117,Luke,,2013-03-24T08:53:36+00:00,133,332,https://twitter.com/TheCaptain1117,False,<geotext.geotext.GeoText object at 0x7fa606ec6190>,,
984,1175099926323154944,DrunkenlyEdu,Drunkenly Educated Podcast is Vaccinated,,2019-09-20T17:32:59+00:00,932,677,https://twitter.com/DrunkenlyEdu,False,<geotext.geotext.GeoText object at 0x7fa606e8c280>,,
988,1105193211121856513,_InteresGeneral,Inter√©s General Podcast,,2019-03-11T19:46:09+00:00,426,234,https://twitter.com/_InteresGeneral,False,<geotext.geotext.GeoText object at 0x7fa606e8c2b0>,,
990,30364977,WhoIsRyanMcC,e - Ryan McCarthy üéôüíªüé•üì∏,1 Thess. 4:11-12,2009-04-11T01:33:39+00:00,771,1286,https://twitter.com/WhoIsRyanMcC,False,<geotext.geotext.GeoText object at 0x7fa606e8c3a0>,,
999,1304967162235412486,YFilesPodcast,Y Files Podcast,,2020-09-13T02:16:58+00:00,605,831,https://twitter.com/YFilesPodcast,False,<geotext.geotext.GeoText object at 0x7fa606e8c3d0>,,
1000,2865706750,GreatGeekRefuge,Great Geek Refuge,,2014-11-07T14:17:59+00:00,132,350,https://twitter.com/GreatGeekRefuge,False,<geotext.geotext.GeoText object at 0x7fa606e8c4f0>,,
1003,1160807974979325959,DishPodcast,Petri Dish: A Science Comedy Podcast,"Los Angeles, CA",2019-08-12T06:59:22+00:00,2472,3610,https://twitter.com/DishPodcast,False,<geotext.geotext.GeoText object at 0x7fa606e8c520>,Los Angeles,United States
1015,738030121521647617,lauren_grace_t,Lauren Grace Thompson,"Chicago, IL",2016-06-01T15:31:07+00:00,417,1043,https://twitter.com/lauren_grace_t,False,<geotext.geotext.GeoText object at 0x7fa606e8c6d0>,Chicago,United States
1021,2467348405,dvd_orion,David Ori√≥n üåä,"Madrid, Spain",2014-04-28T07:02:28+00:00,1511,1039,https://twitter.com/dvd_orion,False,<geotext.geotext.GeoText object at 0x7fa606e8c790>,Madrid,Spain
1033,1022975392041328640,withasideofpod,With a Side of Knowledge,,2018-07-27T22:41:54+00:00,657,402,https://twitter.com/withasideofpod,False,<geotext.geotext.GeoText object at 0x7fa606e8c820>,,
1043,2293594190,podcast_junkies,Podcast Junkies is SO meta,"Minneapolis, MN",2014-01-16T00:42:00+00:00,6293,5355,https://twitter.com/podcast_junkies,False,<geotext.geotext.GeoText object at 0x7fa606e8c9d0>,Minneapolis,United States
1051,1184556151310041088,CreativelyXPod,Creatively Exposed Podcast,"Florida, USA",2019-10-16T19:46:38+00:00,674,1028,https://twitter.com/CreativelyXPod,False,<geotext.geotext.GeoText object at 0x7fa606e8ca30>,Florida,United States
1052,1291949560219279361,CatchUpCulture,Culture Catch Up Podcast,"Austin, TX",2020-08-08T04:09:27+00:00,31,38,https://twitter.com/CatchUpCulture,False,<geotext.geotext.GeoText object at 0x7fa606e8ca60>,Austin,United States
1058,1293264386736320512,CWTPodcast2020,Can We Talk Podcast 2020,,2020-08-11T19:14:03+00:00,40,84,https://twitter.com/CWTPodcast2020,False,<geotext.geotext.GeoText object at 0x7fa606e8cb80>,,
1060,877013022899830786,hwaitingpodcast,ÌôîÏù¥ÌåÖ! Words podcast üéô,Apple ‚Ä¢ Spotify ‚Ä¢ Anchor ‚Ä¢ Etc,2017-06-20T03:59:33+00:00,477,690,https://twitter.com/hwaitingpodcast,False,<geotext.geotext.GeoText object at 0x7fa606e8cbb0>,,
1061,1283781073596559360,attendancebias,attendancebias podcast,"Forest Hills, NYC",2020-07-16T15:10:47+00:00,302,132,https://twitter.com/attendancebias,False,<geotext.geotext.GeoText object at 0x7fa606e8cca0>,Forest Hills,United States
1063,1183569806383046656,DigitalDaysPod,Digital Days Gaming,Midwest,2019-10-14T02:26:58+00:00,180,152,https://twitter.com/DigitalDaysPod,False,<geotext.geotext.GeoText object at 0x7fa606e8cd00>,,
1070,1029909684533248000,The_Jorsh90,The Jorsh (Indie Josh),"Florida, USA",2018-08-16T01:56:18+00:00,460,1246,https://twitter.com/The_Jorsh90,False,<geotext.geotext.GeoText object at 0x7fa606e8cd60>,Florida,United States
1074,1264322269603606529,EKodawari,Exploring Kodawari,,2020-05-23T22:28:30+00:00,448,1390,https://twitter.com/EKodawari,False,<geotext.geotext.GeoText object at 0x7fa606e8cd90>,,
1077,1146915386517884928,UACPodcast,UnearthedAreCanon,Canada,2019-07-04T22:55:11+00:00,475,147,https://twitter.com/UACPodcast,False,<geotext.geotext.GeoText object at 0x7fa606e8cdf0>,,Canada
1078,1294636597321793537,CharacterArcana,‚è∞ Character Arcana ‚è∞,"Florida, USA",2020-08-15T14:06:51+00:00,2652,2407,https://twitter.com/CharacterArcana,False,<geotext.geotext.GeoText object at 0x7fa606e8ce50>,Florida,United States
1079,1154089718260350983,AFoolsQuest,AFoolsQuest,"Michigan, USA",2019-07-24T18:03:25+00:00,1343,682,https://twitter.com/AFoolsQuest,False,<geotext.geotext.GeoText object at 0x7fa606e8cf70>,Michigan,United States
1080,1441947416,svjrules76,LanaNS üíôüíõüíö,somewhere over the rainbow ..,2013-05-19T18:47:54+00:00,284,295,https://twitter.com/svjrules76,False,<geotext.geotext.GeoText object at 0x7fa606e8cfd0>,,
1084,1194749487262162944,LvlPlayinField_,Level Playing Field,,2019-11-13T23:01:41+00:00,154,139,https://twitter.com/LvlPlayinField_,False,<geotext.geotext.GeoText object at 0x7fa606e8cfa0>,,
1091,1241789857460031492,glacial_blue,Aleks,Vanuatu,2020-03-22T18:12:33+00:00,378,358,https://twitter.com/glacial_blue,False,<geotext.geotext.GeoText object at 0x7fa606e8c190>,,Vanuatu
1094,1206443593289936898,truepopoholic,Brian Dupre,"Florida, USA",2019-12-16T05:19:13+00:00,75,364,https://twitter.com/truepopoholic,False,<geotext.geotext.GeoText object at 0x7fa606e5c130>,Florida,United States
1099,1287419792195039237,PodProgram,The Podcast Exchange Program,,2020-07-26T16:10:04+00:00,225,265,https://twitter.com/PodProgram,False,<geotext.geotext.GeoText object at 0x7fa606e5c1f0>,,
1101,1213258637105192961,DrunkenGeekPod,The Drunken Geek Podcast,,2020-01-04T00:47:40+00:00,1117,765,https://twitter.com/DrunkenGeekPod,False,<geotext.geotext.GeoText object at 0x7fa606e5c310>,,
1123,973785330,Clairalls,Claire,"Portsmouth, England",2012-11-27T12:23:21+00:00,209,1170,https://twitter.com/Clairalls,False,<geotext.geotext.GeoText object at 0x7fa606e5c370>,Portsmouth,United Kingdom
1126,1257777107519881220,WisteriaGays,Wisteria Gays | A Desperate Housewives Podcast,Wisteria Lane,2020-05-05T21:00:18+00:00,211,38,https://twitter.com/WisteriaGays,False,<geotext.geotext.GeoText object at 0x7fa606e5c430>,,
1127,1001934337229672448,downtime_gaming,DtG ~ Sam üéâ,"London, England",2018-05-30T21:12:15+00:00,280,657,https://twitter.com/downtime_gaming,False,<geotext.geotext.GeoText object at 0x7fa606e5c490>,London,United Kingdom
1129,986194508097474562,PriyaSaralkar,Priya Saralkar,Mumbai ,2018-04-17T10:47:48+00:00,110,198,https://twitter.com/PriyaSaralkar,False,<geotext.geotext.GeoText object at 0x7fa606e5c580>,Mumbai,
1134,190373550,CKGoldiing,CK Goldiing,Sheffield,2010-09-13T19:58:34+00:00,10567,1,https://twitter.com/CKGoldiing,False,<geotext.geotext.GeoText object at 0x7fa606e5c670>,Sheffield,
1135,1191452053278744576,ThePodcastMag,Podcast Magazine,"San Diego, California",2019-11-04T20:28:08+00:00,2101,1052,https://twitter.com/ThePodcastMag,False,<geotext.geotext.GeoText object at 0x7fa606e5c760>,San Diego,United States
1136,17583467,DanRMorris,Dan R Morris,"Nashville, TN",2008-11-24T02:34:04+00:00,12291,2135,https://twitter.com/DanRMorris,False,<geotext.geotext.GeoText object at 0x7fa606e5c820>,Nashville,United States
1153,1291768429263945728,Deferlante_,D√©ferlante,,2020-08-07T16:10:06+00:00,60,50,https://twitter.com/Deferlante_,False,<geotext.geotext.GeoText object at 0x7fa606e5c8e0>,,
1161,1274071702859898880,UnscriptedwDIT,Dubaiimprovtribe,"Dubai, United Arab Emirates",2020-06-19T20:09:56+00:00,154,380,https://twitter.com/UnscriptedwDIT,False,<geotext.geotext.GeoText object at 0x7fa606e5c9a0>,Dubai,United Arab Emirates
1164,1086251743342555137,VincentMacElroy,OneCapturedDesign,Celestial Plane,2019-01-18T13:19:31+00:00,48,197,https://twitter.com/VincentMacElroy,False,<geotext.geotext.GeoText object at 0x7fa606e5ca60>,,
1165,1292471836966518784,ModernEscapism,Modern Escapism,modernescapismpod@gmail.com,2020-08-09T14:45:04+00:00,126,103,https://twitter.com/ModernEscapism,False,<geotext.geotext.GeoText object at 0x7fa606e5ca90>,,
1171,4773092774,Castbox_fm,Castbox,"San Francisco, CA",2016-01-17T10:51:31+00:00,17928,1678,https://twitter.com/Castbox_fm,False,<geotext.geotext.GeoText object at 0x7fa606e5cbe0>,San Francisco,United States
1180,85612646,JackieJacQuel,Jackie Jac Quel,Country Living,2009-10-27T17:07:34+00:00,69,54,https://twitter.com/JackieJacQuel,False,<geotext.geotext.GeoText object at 0x7fa606e5cc10>,,
1189,1202537174505271296,beholdertonoone,Beholder to No One (Nikki),"Florida, USA",2019-12-05T10:36:31+00:00,1890,1462,https://twitter.com/beholdertonoone,False,<geotext.geotext.GeoText object at 0x7fa606e5cca0>,Florida,United States
1193,820303909725929473,AnnCSloan,ACSloan -- creator of Carl√∂tta Beautox,Los Angeles,2017-01-14T16:17:47+00:00,207,266,https://twitter.com/AnnCSloan,False,<geotext.geotext.GeoText object at 0x7fa606e5cd30>,Los Angeles,United States
1194,838443889702944769,TheWildLifepod,The Wild Life | Podcast ‚Ä¢ Nonprofit,United States,2017-03-05T17:39:35+00:00,1303,2964,https://twitter.com/TheWildLifepod,False,<geotext.geotext.GeoText object at 0x7fa606e5cd90>,,United States
1197,1251870046265192452,TeenPeoplePod,Teen People Podcast,Canada,2020-04-19T13:48:35+00:00,265,1470,https://twitter.com/TeenPeoplePod,False,<geotext.geotext.GeoText object at 0x7fa606e5ce20>,,Canada
1199,377371443,RollingwVinny,Vinny,,2011-09-21T13:34:11+00:00,232,99,https://twitter.com/RollingwVinny,False,<geotext.geotext.GeoText object at 0x7fa606e5ce80>,,
1200,2956086741,goodpatron,Good Patron üéßüéô,"Phoenix, AZ",2015-01-02T05:41:25+00:00,389,312,https://twitter.com/goodpatron,False,<geotext.geotext.GeoText object at 0x7fa606e5cf70>,Phoenix,United States
1215,1271545257184956416,girlmeetsnerd,Megan | The Girl Meets Nerd Podcast,"Ontario, Canada",2020-06-12T20:50:00+00:00,1152,853,https://twitter.com/girlmeetsnerd,False,<geotext.geotext.GeoText object at 0x7fa606e5c0d0>,Ontario,Canada
1216,1245432923018481664,ChosenOnesDnD,‚ú®Chosen Ones‚ú®,"Varune, Absolem",2020-04-01T19:28:52+00:00,2413,1326,https://twitter.com/ChosenOnesDnD,False,<geotext.geotext.GeoText object at 0x7fa606e18280>,,
1217,890653204488257537,guendalinacilli,Guendalina Cilli,Italia,2017-07-27T19:20:46+00:00,90,246,https://twitter.com/guendalinacilli,False,<geotext.geotext.GeoText object at 0x7fa606e18340>,,Italy
1221,1277731401719320578,DiffWorldPod,Different World Same Story,,2020-06-29T22:32:16+00:00,136,198,https://twitter.com/DiffWorldPod,False,<geotext.geotext.GeoText object at 0x7fa606e183a0>,,
1222,1024430929526190080,ElainesCooking,Elaine's Cooking for the Soul,"Los Angeles, CA",2018-07-31T23:05:41+00:00,755,1299,https://twitter.com/ElainesCooking,False,<geotext.geotext.GeoText object at 0x7fa606e18400>,Los Angeles,United States
1226,1013685191422799873,PublicNoticeLLC,Public Notice,"Los Angeles, CA",2018-07-02T07:25:57+00:00,143,371,https://twitter.com/PublicNoticeLLC,False,<geotext.geotext.GeoText object at 0x7fa606e18490>,Los Angeles,United States
1227,1235802349979000832,TheHunterBishop,Hunter Bishop,"Toronto, Ontario",2020-03-06T05:40:22+00:00,135,439,https://twitter.com/TheHunterBishop,False,<geotext.geotext.GeoText object at 0x7fa606e18520>,TorontoOntario,Canada
1228,1257036164822781952,enchantedpod,Enchanted Podcast,United States,2020-05-03T19:56:06+00:00,507,285,https://twitter.com/enchantedpod,False,<geotext.geotext.GeoText object at 0x7fa606e18640>,,United States
1234,1220004122159656961,Infectious_Pod,Infectious Groove Podcast,"Detroit, Michigan",2020-01-22T15:24:28+00:00,2268,1762,https://twitter.com/Infectious_Pod,False,<geotext.geotext.GeoText object at 0x7fa606e186d0>,DetroitMichigan,United States
1235,1193120863060733952,JennaSpinelle,Jenna Spinelle,"State College, PA",2019-11-09T10:59:24+00:00,441,191,https://twitter.com/JennaSpinelle,False,<geotext.geotext.GeoText object at 0x7fa606e18730>,State College,United States
1238,1089749787614826501,PopOHolics,Pop-O-Holics,"Florida, USA",2019-01-28T04:59:30+00:00,50,33,https://twitter.com/PopOHolics,False,<geotext.geotext.GeoText object at 0x7fa606e187f0>,Florida,United States
1245,1281679696892243968,SistersWhoScene,Sisters Who Scene It,,2020-07-10T20:02:42+00:00,225,811,https://twitter.com/SistersWhoScene,False,<geotext.geotext.GeoText object at 0x7fa606e189a0>,,
1246,3135563175,WTFamicom,WTFamicom : A Gaming Podcast,,2015-04-05T02:38:30+00:00,2146,2554,https://twitter.com/WTFamicom,False,<geotext.geotext.GeoText object at 0x7fa606e18a00>,,
1249,4129709615,Nestofhorrors,Nest of Horrors Podcast,Deep in a forest,2015-11-06T22:05:38+00:00,153,30,https://twitter.com/Nestofhorrors,False,<geotext.geotext.GeoText object at 0x7fa606e18b80>,,
1263,946147096356417537,StoryEverPod,The Greatest Story Ever Played Podcast,"Columbus, OH",2017-12-27T22:33:41+00:00,1252,91,https://twitter.com/StoryEverPod,False,<geotext.geotext.GeoText object at 0x7fa606e18c10>,Columbus,United States
1266,1167749302959169536,MaryRop80289134,Graphic world,,2019-08-31T10:42:05+00:00,20,237,https://twitter.com/MaryRop80289134,False,<geotext.geotext.GeoText object at 0x7fa606e18c70>,,
1292,1268929965841678337,IronBoundChest,The Iron Bound Chest,A Dusty Dungeon,2020-06-05T15:38:06+00:00,1917,1584,https://twitter.com/IronBoundChest,False,<geotext.geotext.GeoText object at 0x7fa606e18d00>,,
1297,1218913736452464640,great_lawful,Lawful Great Adventures,,2020-01-19T15:11:03+00:00,1774,982,https://twitter.com/great_lawful,False,<geotext.geotext.GeoText object at 0x7fa606e18d60>,,
1302,406690342,MEMackEast,It's ME Mack East,"Queens, NY",2011-11-07T02:04:53+00:00,170,234,https://twitter.com/MEMackEast,False,<geotext.geotext.GeoText object at 0x7fa606e18dc0>,,United States
1305,1142493012120997889,firstwatchshow,The First Watch - D&D Web Series,"Minnesota, USA",2019-06-22T18:02:15+00:00,1278,1020,https://twitter.com/firstwatchshow,False,<geotext.geotext.GeoText object at 0x7fa606e18f40>,,United States
1319,1115983002201460736,CastingLotsPod,Casting Lots: A Survival Cannibalism Podcast,,2019-04-10T14:20:56+00:00,347,238,https://twitter.com/CastingLotsPod,False,<geotext.geotext.GeoText object at 0x7fa606e18f70>,,
1321,348705405,HeyKeine,Dave Keine,"Durham, NC",2011-08-04T21:32:18+00:00,638,339,https://twitter.com/HeyKeine,False,<geotext.geotext.GeoText object at 0x7fa606e18100>,Durham,United States
1323,1191418238531461122,certainpovpod,From a Certain POV Podcast,,2019-11-04T18:13:54+00:00,1071,914,https://twitter.com/certainpovpod,False,<geotext.geotext.GeoText object at 0x7fa606dd3310>,,
1334,897475742707200000,vladmihajlovic,Vladimir Mihajloviƒá,Poland,2017-08-15T15:11:06+00:00,107,308,https://twitter.com/vladmihajlovic,False,<geotext.geotext.GeoText object at 0x7fa606dd3340>,,Poland
1335,1122247436217483264,30AndNerdyPod,30&NerdyPodcast / The Road So Far,"Atlanta, GA",2019-04-27T21:13:33+00:00,1362,1271,https://twitter.com/30AndNerdyPod,False,<geotext.geotext.GeoText object at 0x7fa606dd33a0>,Atlanta,United States
1336,53731685,AshaAffliction,Asha Nurzy≈Ñski,"Wroclaw, Poland",2009-07-04T18:39:20+00:00,272,1300,https://twitter.com/AshaAffliction,False,<geotext.geotext.GeoText object at 0x7fa606dd3490>,,Poland
1341,3232642998,DiabetesCxns,Diabetes Connections / T1D,"Charlotte, NC",2015-06-01T15:12:59+00:00,3218,1911,https://twitter.com/DiabetesCxns,False,<geotext.geotext.GeoText object at 0x7fa606dd34f0>,Charlotte,United States
1345,2351430687,fm_nl_2,Flavia dalla Svezia,"Malmo, Sweden",2014-02-18T22:18:35+00:00,36,179,https://twitter.com/fm_nl_2,False,<geotext.geotext.GeoText object at 0x7fa606dd3550>,,Sweden
1372,1280322824184397824,podcasterprice,podcasterprice,Washington DC,2020-07-07T02:08:54+00:00,69,100,https://twitter.com/podcasterprice,False,<geotext.geotext.GeoText object at 0x7fa606dd3610>,Washington,United States
1383,201830233,RunnymedeCap,Andrew Wang | Financial Advisor,"Morristown, NJ",2010-10-12T18:26:13+00:00,6641,2706,https://twitter.com/RunnymedeCap,False,<geotext.geotext.GeoText object at 0x7fa606dd3670>,Morristown,United States
1386,862832436547399680,The_Real_Ruk,Raymond,"Minnesota, USA",2017-05-12T00:50:58+00:00,1560,1111,https://twitter.com/The_Real_Ruk,False,<geotext.geotext.GeoText object at 0x7fa606dd3760>,,United States
1393,1257431944557666307,RhinobotStudios,Rhinobot Studios,,2020-05-04T22:08:57+00:00,13,7,https://twitter.com/RhinobotStudios,False,<geotext.geotext.GeoText object at 0x7fa606dd37c0>,,
1396,1224641774146269184,podsnaija,Podsnaija,Nigeria,2020-02-04T10:32:14+00:00,106,109,https://twitter.com/podsnaija,False,<geotext.geotext.GeoText object at 0x7fa606dd38b0>,,Nigeria
1398,268440003,denldi,Diane Rimmer,,2011-03-18T19:42:01+00:00,138,495,https://twitter.com/denldi,False,<geotext.geotext.GeoText object at 0x7fa606dd3970>,,
1399,3148516935,ContentByCarlie,Carlie Bonavia,France,2015-04-08T17:02:47+00:00,225,720,https://twitter.com/ContentByCarlie,False,<geotext.geotext.GeoText object at 0x7fa606dd3a00>,,France
1401,1280568511048216576,AlauraFilbin,Alaura Filbin,,2020-07-07T18:26:30+00:00,187,412,https://twitter.com/AlauraFilbin,False,<geotext.geotext.GeoText object at 0x7fa606dd3a60>,,
1409,454586852,thetwoohsix,Marc / The TwoOhSix,"Seattle, WA aka The TwoOhSix",2012-01-04T04:48:39+00:00,1130,2076,https://twitter.com/thetwoohsix,False,<geotext.geotext.GeoText object at 0x7fa606dd3ac0>,Seattle,United States
1411,1217833314855223297,part_time_pod,The Part-Time Podcast,,2020-01-16T15:38:01+00:00,21,40,https://twitter.com/part_time_pod,False,<geotext.geotext.GeoText object at 0x7fa606dd3be0>,,
1414,1268503553590476802,listentothefilm,listentothefilmpodcast,,2020-06-04T11:23:29+00:00,653,791,https://twitter.com/listentothefilm,False,<geotext.geotext.GeoText object at 0x7fa606dd3c10>,,
1416,1228314814021357568,BackTrackerUK,The BackTracker History Show,United Kingdom,2020-02-14T13:47:43+00:00,850,850,https://twitter.com/BackTrackerUK,False,<geotext.geotext.GeoText object at 0x7fa606dd3d30>,,United Kingdom
1417,14571757,jmichael79,Michael DeAngelis,"Philadelphia, PA",2008-04-28T16:54:59+00:00,234,415,https://twitter.com/jmichael79,False,<geotext.geotext.GeoText object at 0x7fa606dd3df0>,Philadelphia,United States
1418,63223,stashaun,Shaun Behrens,Germany,2006-12-13T10:58:23+00:00,170,499,https://twitter.com/stashaun,False,<geotext.geotext.GeoText object at 0x7fa606dd3ee0>,,Germany
1422,1267892137523400706,dosafteryou,Dos: After You,"Madrid, Spain",2020-06-02T18:53:45+00:00,575,492,https://twitter.com/dosafteryou,False,<geotext.geotext.GeoText object at 0x7fa606dd3f10>,Madrid,Spain
1424,1272387745600565250,cbfpod,Chief Best Friends üíõ A podcast for work besties,,2020-06-15T04:38:29+00:00,59,236,https://twitter.com/cbfpod,False,<geotext.geotext.GeoText object at 0x7fa606dd3f70>,,
1425,358413992,ScratchyBananas,Justin H e l l s t r o m üêä,"Atlanta, GA",2011-08-19T21:59:44+00:00,396,952,https://twitter.com/ScratchyBananas,False,<geotext.geotext.GeoText object at 0x7fa606dd3250>,Atlanta,United States
1427,1184660448458747904,Discount_DnD,Discount Dungeons - A DnD 5e Podcast,,2019-10-17T02:40:47+00:00,2642,1741,https://twitter.com/Discount_DnD,False,<geotext.geotext.GeoText object at 0x7fa606d98250>,,
1442,14640242,libsyn,libsyn,Pittsburgh,2008-05-03T18:27:19+00:00,15329,1270,https://twitter.com/libsyn,False,<geotext.geotext.GeoText object at 0x7fa606d982e0>,Pittsburgh,United States
1447,2482814250,PSHRadio,PSH Radio,England UK,2014-05-07T22:15:09+00:00,5183,4765,https://twitter.com/PSHRadio,False,<geotext.geotext.GeoText object at 0x7fa606d98340>,,United Kingdom
1457,1217114887194914818,Know_Your_Roll,Know Your Roll (On Sabbatical!),Anywhere you find podcasts,2020-01-14T16:03:25+00:00,2066,1307,https://twitter.com/Know_Your_Roll,False,<geotext.geotext.GeoText object at 0x7fa606d98370>,,
1459,1152208827649024000,W_Key_Podcast,W-Key Podcast,,2019-07-19T13:29:26+00:00,163,455,https://twitter.com/W_Key_Podcast,False,<geotext.geotext.GeoText object at 0x7fa606d98520>,,
1460,2362050664,GamerMomLuna,"GamerMomLuna, TTRPG Community Mom",Luna's Living Room,2014-02-24T02:14:29+00:00,2197,1233,https://twitter.com/GamerMomLuna,False,<geotext.geotext.GeoText object at 0x7fa606d98580>,,
1462,791756837347549185,them2mpodcast,The Millennial to Millionaire Podcastü§ëüí∏,,2016-10-27T21:41:54+00:00,690,655,https://twitter.com/them2mpodcast,False,<geotext.geotext.GeoText object at 0x7fa606d985b0>,,
1469,1569230258,podigee,Podigee,Berlin,2013-07-04T22:42:04+00:00,3774,29,https://twitter.com/podigee,False,<geotext.geotext.GeoText object at 0x7fa606d98730>,Berlin,Germany
1471,36591488,JeppyKeith,Sir Jeffers,Black America,2009-04-30T04:09:08+00:00,426,834,https://twitter.com/JeppyKeith,False,<geotext.geotext.GeoText object at 0x7fa606d98760>,,
1481,373764606,CHAOS_THEORYPOD,Chaos Theory Podcast,"San Antonio, TX",2011-09-15T04:41:17+00:00,544,706,https://twitter.com/CHAOS_THEORYPOD,False,<geotext.geotext.GeoText object at 0x7fa606d987f0>,San Antonio,United States
1485,1265667343771975687,LiteralLitPod,Literal Literature,,2020-05-27T15:33:15+00:00,103,69,https://twitter.com/LiteralLitPod,False,<geotext.geotext.GeoText object at 0x7fa606d98970>,,
1489,1255934861866647557,DabblingDads,Dabbling Dads üéûüïπüéôüß¨üèÜ,Garage,2020-04-30T18:59:46+00:00,1375,1387,https://twitter.com/DabblingDads,False,<geotext.geotext.GeoText object at 0x7fa606d98ac0>,,
1494,1269648602382598145,SoundrisePod,Soundrise Podcast üéµ,Poland & Serbia,2020-06-07T15:13:17+00:00,863,1113,https://twitter.com/SoundrisePod,False,<geotext.geotext.GeoText object at 0x7fa606d98af0>,,Poland
1498,1278094046271946753,XPodAssociation,Christian Podcaster Association,,2020-06-30T22:32:30+00:00,168,42,https://twitter.com/XPodAssociation,False,<geotext.geotext.GeoText object at 0x7fa606d98c40>,,
1552,82463462,ScottFlashheart,Scott Flashheart,Hoxton,2009-10-14T21:37:46+00:00,3085,1889,https://twitter.com/ScottFlashheart,False,<geotext.geotext.GeoText object at 0x7fa606d98d00>,,United Kingdom
1555,1039630981781762049,ufouapam,That UFO Podcast,"England, United Kingdom",2018-09-11T21:45:16+00:00,3816,696,https://twitter.com/ufouapam,False,<geotext.geotext.GeoText object at 0x7fa606d98e20>,,United Kingdom
1570,1261407887773097985,SuperpowersSara,Sara (Love and Superpowers),,2020-05-15T21:27:45+00:00,129,307,https://twitter.com/SuperpowersSara,False,<geotext.geotext.GeoText object at 0x7fa606d98e50>,,
1572,839129145732890624,OnlineWarriors1,Online Warriors Podcast,United States,2017-03-07T15:02:33+00:00,2283,1862,https://twitter.com/OnlineWarriors1,False,<geotext.geotext.GeoText object at 0x7fa606d98fa0>,,United States
1573,1162400516959162369,ExPatTheShow,Ex Pat,"California, USA",2019-08-16T16:27:46+00:00,83,62,https://twitter.com/ExPatTheShow,False,<geotext.geotext.GeoText object at 0x7fa606d98130>,,United States
1574,1038057072,Sarcasmia22,Mia Warren,"Brooklyn, NY",2012-12-26T21:04:09+00:00,741,1839,https://twitter.com/Sarcasmia22,False,<geotext.geotext.GeoText object at 0x7fa606d63190>,Brooklyn,United States
1576,997180135357861889,RMisadventures,Rolling Misadventures,"Tacoma, WA",2018-05-17T18:20:45+00:00,841,260,https://twitter.com/RMisadventures,False,<geotext.geotext.GeoText object at 0x7fa606d63250>,Tacoma,United States
1583,158436482,ctmascaro,Chris Mascaro,Atlanta,2010-06-22T17:55:09+00:00,2978,2656,https://twitter.com/ctmascaro,False,<geotext.geotext.GeoText object at 0x7fa606d632e0>,Atlanta,United States
1586,1252690485006733313,outtathesandbox,Outta The Sandbox,,2020-04-21T20:07:53+00:00,243,197,https://twitter.com/outtathesandbox,False,<geotext.geotext.GeoText object at 0x7fa606d633d0>,,
1588,1160470334551859200,YNFMoviePod,Your Next Favorite Movie,"South Carolina, USA",2019-08-11T08:37:43+00:00,4104,3542,https://twitter.com/YNFMoviePod,False,<geotext.geotext.GeoText object at 0x7fa606d63400>,,United States
1589,1142964191709417473,HostWarped,Matt McClendon,,2019-06-24T01:14:33+00:00,175,581,https://twitter.com/HostWarped,False,<geotext.geotext.GeoText object at 0x7fa606d634f0>,,
1595,948638913979183104,TheExpatCast,TheExpatCast,"Freiburg im Breisgau, Germany",2018-01-03T19:35:16+00:00,397,452,https://twitter.com/TheExpatCast,False,<geotext.geotext.GeoText object at 0x7fa606d635b0>,Freiburg,Germany
1606,20376938,cityandclaire,Claire Collins,Manchester,2009-02-08T16:55:04+00:00,162,770,https://twitter.com/cityandclaire,False,<geotext.geotext.GeoText object at 0x7fa606d63610>,Manchester,United Kingdom
1615,947553190232363009,WkCooldown,The Weekly Cooldown Podcast,,2017-12-31T19:41:00+00:00,303,176,https://twitter.com/WkCooldown,False,<geotext.geotext.GeoText object at 0x7fa606d636d0>,,
1618,1183392991236345856,SpiveySpecial,Spivey Special Podcast,California,2019-10-13T14:44:20+00:00,2577,2769,https://twitter.com/SpiveySpecial,False,<geotext.geotext.GeoText object at 0x7fa606d63730>,,United States
1619,370694965,BrentHinson,Brent Hinson,"Union City, TN",2011-09-09T13:34:33+00:00,558,1005,https://twitter.com/BrentHinson,False,<geotext.geotext.GeoText object at 0x7fa606d637c0>,Union City,United States
1620,126327737,1607WestEgg,Daniel Ruiz Tizon,London,2010-03-25T14:11:37+00:00,2356,841,https://twitter.com/1607WestEgg,False,<geotext.geotext.GeoText object at 0x7fa606d63850>,London,United Kingdom
1621,145712971,davidvienna,David Vienna,"Los Angeles, CA",2010-05-19T17:46:37+00:00,5047,1227,https://twitter.com/davidvienna,True,<geotext.geotext.GeoText object at 0x7fa606d63970>,Los Angeles,United States
1628,1146742508,StuartJTanner,Stuart J. Tanner,United States,2013-02-04T01:45:49+00:00,6,32,https://twitter.com/StuartJTanner,False,<geotext.geotext.GeoText object at 0x7fa606d63a90>,,United States
1634,1074732850895863808,CAWPodcast,Customers Also Watched (Erica),"Austin, TX",2018-12-17T18:27:34+00:00,1176,1107,https://twitter.com/CAWPodcast,False,<geotext.geotext.GeoText object at 0x7fa606d63b50>,Austin,United States
1637,1263328309888405505,OpineMotelPod,The Opine Motel Podcast,"London, England",2020-05-21T04:38:52+00:00,8,7,https://twitter.com/OpineMotelPod,False,<geotext.geotext.GeoText object at 0x7fa606d63cd0>,London,United Kingdom
1638,1011433609461460992,relaxedmale,RelaxedMale,,2018-06-26T02:18:58+00:00,258,332,https://twitter.com/relaxedmale,False,<geotext.geotext.GeoText object at 0x7fa606d63df0>,,
1639,293464519,EdyHurst,Edy Hurst w/ intermittent adverts for his podcast,"Manchester, UK",2011-05-05T11:55:28+00:00,1220,828,https://twitter.com/EdyHurst,False,<geotext.geotext.GeoText object at 0x7fa606d63e20>,Manchester,United Kingdom
1641,991170934152167425,geekfreakspod,Geek Freaks Podcast,Middle Earth,2018-05-01T04:22:20+00:00,4311,3575,https://twitter.com/geekfreakspod,False,<geotext.geotext.GeoText object at 0x7fa606d63fa0>,,
1642,836518113004904448,3LionsPodcast,3lionspodcast,"England, United Kingdom",2017-02-28T10:07:14+00:00,2534,2475,https://twitter.com/3LionsPodcast,False,<geotext.geotext.GeoText object at 0x7fa606d63f40>,,United Kingdom
1644,17756675,circlecast,ùîπùï£ùï™ùïíùïü ùîæ,Oklahoma,2008-11-30T16:17:08+00:00,4119,2736,https://twitter.com/circlecast,False,<geotext.geotext.GeoText object at 0x7fa606d630a0>,Oklahoma,United States
1648,7750492,andrewhorowitz,Andrew Horowitz,Florida,2007-07-27T02:15:39+00:00,12191,216,https://twitter.com/andrewhorowitz,False,<geotext.geotext.GeoText object at 0x7fa604d032e0>,Florida,United States
1649,1263123949191417856,IRunBecausePod,I Run Because,,2020-05-20T15:06:39+00:00,21,138,https://twitter.com/IRunBecausePod,False,<geotext.geotext.GeoText object at 0x7fa604d03340>,,
1672,1112182817285267456,MissionShunya,Mission Shunya,"Bengaluru, India",2019-03-31T02:40:21+00:00,276,187,https://twitter.com/MissionShunya,False,<geotext.geotext.GeoText object at 0x7fa604d03370>,,India
1696,956896030926233600,thefluentshow,Kerstin | The Fluent Show,United Kingdom,2018-01-26T14:26:06+00:00,1866,352,https://twitter.com/thefluentshow,False,<geotext.geotext.GeoText object at 0x7fa604d03430>,,United Kingdom
1705,1617653887,EmptyNestCoach,Christine,United States,2013-07-24T12:14:50+00:00,592,641,https://twitter.com/EmptyNestCoach,False,<geotext.geotext.GeoText object at 0x7fa604d03580>,,United States
1706,230954247,pevansimpson,Evan Simpson,Tirana,2010-12-27T05:14:41+00:00,425,1021,https://twitter.com/pevansimpson,False,<geotext.geotext.GeoText object at 0x7fa604d03610>,Tirana,
1707,4419124636,GeekyBrummie,Geeky Brummie,"Birmingham, England",2015-12-08T19:59:47+00:00,2922,2040,https://twitter.com/GeekyBrummie,False,<geotext.geotext.GeoText object at 0x7fa604d03700>,Birmingham,United Kingdom
1708,855334483578413057,writerandgeek,Writer & Geek,"Bengaluru, India",2017-04-21T08:16:47+00:00,355,131,https://twitter.com/writerandgeek,False,<geotext.geotext.GeoText object at 0x7fa604d03760>,,India
1720,1144420166165336064,PodcastDerelict,The Derelicts Podcast,,2019-06-28T01:40:04+00:00,20,105,https://twitter.com/PodcastDerelict,False,<geotext.geotext.GeoText object at 0x7fa604d037c0>,,
1725,829331866725580800,IntelCheckDnD,Intelligence Check,,2017-02-08T14:11:40+00:00,1437,883,https://twitter.com/IntelCheckDnD,False,<geotext.geotext.GeoText object at 0x7fa604d03820>,,
1732,1083089487029252096,ShrimpOnIt,Put A Shrimp On It | A Barbie Movie Fan Podcast,,2019-01-09T19:53:51+00:00,95,68,https://twitter.com/ShrimpOnIt,False,<geotext.geotext.GeoText object at 0x7fa604d03880>,,
1734,1201436226949197824,youwatchedpod,Because You Watched,"Hollywood, England",2019-12-02T09:42:11+00:00,162,328,https://twitter.com/youwatchedpod,False,<geotext.geotext.GeoText object at 0x7fa604d038e0>,Hollywood,United Kingdom
1748,1172886615817162752,docmorris101,Stephen,,2019-09-14T14:55:45+00:00,55,280,https://twitter.com/docmorris101,False,<geotext.geotext.GeoText object at 0x7fa604d03b50>,,
1751,1122278894810406912,BioForBastards,Biology For Bastards - NOW ON PATREON,Wherever you find podcasts,2019-04-27T23:18:34+00:00,256,192,https://twitter.com/BioForBastards,False,<geotext.geotext.GeoText object at 0x7fa604d03c10>,,
1755,22349973,Ileane,Ileane (eye-leen) üá∫üá∏,"Philadelphia, PA",2009-03-01T10:31:33+00:00,15944,5466,https://twitter.com/Ileane,False,<geotext.geotext.GeoText object at 0x7fa604d03d60>,Philadelphia,United States
1767,2377101765,PokeProfNet,Lured Up Podcast and the Pok√©mon Professor Network,New Jersey,2014-03-02T21:04:59+00:00,3146,1060,https://twitter.com/PokeProfNet,False,<geotext.geotext.GeoText object at 0x7fa604d03eb0>,,United Kingdom
1771,1220457356154363904,LISKpodcast,LISK: Long Island Serial Killer,"Austin, TX",2020-01-23T21:24:49+00:00,635,194,https://twitter.com/LISKpodcast,False,<geotext.geotext.GeoText object at 0x7fa604d03f70>,Austin,United States
1786,1233166233987616768,QueenSlimRadio,Queen Slim Radio,,2020-02-27T23:06:28+00:00,34,121,https://twitter.com/QueenSlimRadio,False,<geotext.geotext.GeoText object at 0x7fa604d031c0>,,
1788,2949692099,DATSLifePodcast,DATS Life,Jersey,2014-12-29T18:06:56+00:00,26633,27692,https://twitter.com/DATSLifePodcast,False,<geotext.geotext.GeoText object at 0x7fa604cc5220>,,United Kingdom
1789,944815878,myostaff,Berny,"Sydney, Australia",2012-11-12T23:42:10+00:00,202,182,https://twitter.com/myostaff,False,<geotext.geotext.GeoText object at 0x7fa604cc5250>,Sydney,Australia
1803,961106871934423041,thispresentdark,This Present Darkness Podcast,,2018-02-07T05:18:29+00:00,148,240,https://twitter.com/thispresentdark,False,<geotext.geotext.GeoText object at 0x7fa604cc52e0>,,
1826,1064605676133961728,gateleapers,Gateleapers!,Wherever you get your podcasts,2018-11-19T19:45:47+00:00,3523,2192,https://twitter.com/gateleapers,False,<geotext.geotext.GeoText object at 0x7fa604cc5460>,,
1833,932855198724259840,TheStuffIDW,TheStuffPodcastShow,"California, USA",2017-11-21T06:16:25+00:00,108,115,https://twitter.com/TheStuffIDW,False,<geotext.geotext.GeoText object at 0x7fa604cc54c0>,,United States
1834,1217959157531336706,alwaysthehubs,It‚Äôs Always The Husband Podcast,Minnesota,2020-01-16T23:57:54+00:00,148,122,https://twitter.com/alwaysthehubs,False,<geotext.geotext.GeoText object at 0x7fa604cc5670>,,United States
1835,894901354447200257,MerelyRoleplay,Merely Roleplayers üé≠,"Sherrydown, Brackshire",2017-08-08T12:41:24+00:00,401,294,https://twitter.com/MerelyRoleplay,False,<geotext.geotext.GeoText object at 0x7fa604cc56d0>,,
1836,1227340950025928706,LoveIsStupidPod,The Love is Stupid Podcast,,2020-02-11T21:17:51+00:00,114,298,https://twitter.com/LoveIsStupidPod,False,<geotext.geotext.GeoText object at 0x7fa604cc57c0>,,
1840,2924376080,Cinematologists,The Cinematologists,Anywhere with a screen,2014-12-09T19:31:43+00:00,15390,15475,https://twitter.com/Cinematologists,False,<geotext.geotext.GeoText object at 0x7fa604cc5940>,,
1874,1244485171,PodcastsZone,Podcasts Zone,USA,2013-03-05T19:38:56+00:00,2771,2502,https://twitter.com/PodcastsZone,False,<geotext.geotext.GeoText object at 0x7fa604cc5a00>,,United States
1886,1091125156381184001,reviewspod,PRRP | Public Radio Role Playing,,2019-02-01T00:04:44+00:00,1090,3122,https://twitter.com/reviewspod,False,<geotext.geotext.GeoText object at 0x7fa604cc5b80>,,
1888,30298440,Dionsmusica,Dion McGill - Podcast Host,"Chicago, IL",2009-04-10T19:59:14+00:00,1152,2744,https://twitter.com/Dionsmusica,False,<geotext.geotext.GeoText object at 0x7fa604cc5c40>,Chicago,United States
1898,892715460738768896,ITKmoonknight,Into The Knight,,2017-08-02T11:55:26+00:00,629,690,https://twitter.com/ITKmoonknight,False,<geotext.geotext.GeoText object at 0x7fa604cc5cd0>,,
1899,1028160228804706304,NerdWithAPhone1,NerdWithAPhone1,"Evansville, IN",2018-08-11T06:04:35+00:00,1335,3479,https://twitter.com/NerdWithAPhone1,False,<geotext.geotext.GeoText object at 0x7fa604cc5d60>,Evansville,United States
1910,1021578691791515649,FelicianoFisch1,Ivancast Podcast,Ecuador,2018-07-24T02:11:54+00:00,126,487,https://twitter.com/FelicianoFisch1,False,<geotext.geotext.GeoText object at 0x7fa604cc5df0>,,Ecuador
1922,735273822,tammie_painter,Tammie Painter,,2012-08-03T17:51:26+00:00,864,365,https://twitter.com/tammie_painter,False,<geotext.geotext.GeoText object at 0x7fa604cc5e80>,,
1928,102075488,kerouacsmith,Kerovaxxed,North Dystopia,2010-01-05T14:31:20+00:00,194,404,https://twitter.com/kerouacsmith,False,<geotext.geotext.GeoText object at 0x7fa604cc5f10>,,
1936,2501984022,ContinuumForce,Continuum Force,,2014-05-17T16:43:29+00:00,322,166,https://twitter.com/ContinuumForce,False,<geotext.geotext.GeoText object at 0x7fa604cc5fa0>,,
1937,27233790,dr_kreiness,Dr. Dan Kreiness | Leader Of Learning Podcast,"Connecticut, USA",2009-03-28T14:12:30+00:00,4273,3907,https://twitter.com/dr_kreiness,False,<geotext.geotext.GeoText object at 0x7fa604cc5100>,,United States
1938,1053360613223751688,VampiresofWC,Vampires of White Chapel,"White Chapel, London, England",2018-10-19T19:01:55+00:00,331,238,https://twitter.com/VampiresofWC,False,<geotext.geotext.GeoText object at 0x7fa604c850d0>,London,United Kingdom
1941,1147171353042280455,5minsdoubt,Five Minutes of Doubt,,2019-07-05T15:52:18+00:00,148,320,https://twitter.com/5minsdoubt,False,<geotext.geotext.GeoText object at 0x7fa604c85130>,,
1951,3193235195,EduPodNet,EduPodNet,In Your Ears,2015-04-22T03:24:39+00:00,1741,287,https://twitter.com/EduPodNet,False,<geotext.geotext.GeoText object at 0x7fa604c852e0>,,
1959,1225144935860580352,AwkwardClubPod,Awkward Club Podcast,,2020-02-05T19:51:40+00:00,146,183,https://twitter.com/AwkwardClubPod,False,<geotext.geotext.GeoText object at 0x7fa604c85400>,,
1973,1027458519430131712,DanWils42696605,Dan Wilson,SoCal Rotating link below,2018-08-09T07:36:15+00:00,2281,2684,https://twitter.com/DanWils42696605,False,<geotext.geotext.GeoText object at 0x7fa604c85460>,,
1974,1207524601737162753,4StoryProd,Nathan writes Storage Papers,,2019-12-19T04:54:50+00:00,136,240,https://twitter.com/4StoryProd,False,<geotext.geotext.GeoText object at 0x7fa604c85580>,,
1976,890052347812032512,CCinemaPodcast,Collateral Cinema,"Texas, USA",2017-07-26T03:33:10+00:00,4442,4639,https://twitter.com/CCinemaPodcast,False,<geotext.geotext.GeoText object at 0x7fa604c85610>,Texas,United States
1979,1008551868354650112,Teajaysgarden,Tea Jay,"Bakersfield, CA",2018-06-18T03:27:58+00:00,226,574,https://twitter.com/Teajaysgarden,False,<geotext.geotext.GeoText object at 0x7fa604c85670>,Bakersfield,United States
1988,922657702777466880,DregsOfCraigs,Dregs of Craigs,"Sacramento, CA",2017-10-24T02:55:13+00:00,390,405,https://twitter.com/DregsOfCraigs,False,<geotext.geotext.GeoText object at 0x7fa604c856d0>,Sacramento,United States
1989,1038256838934851584,geeksplorepod,Geeksploration the Podcast,"California, USA",2018-09-08T02:44:55+00:00,3259,3624,https://twitter.com/geeksplorepod,False,<geotext.geotext.GeoText object at 0x7fa604c85730>,,United States
1990,851424502412136448,keepitkink,Keep it kink,"Michigan, USA",2017-04-10T13:19:54+00:00,1489,4290,https://twitter.com/keepitkink,False,<geotext.geotext.GeoText object at 0x7fa604c85850>,Michigan,United States
1991,2416428859,StarGazerSpin,Paul W. Courvoisier üá®üá¶ Starfield of Dreams,"Ontario, Canada",2014-03-28T20:24:09+00:00,329,922,https://twitter.com/StarGazerSpin,False,<geotext.geotext.GeoText object at 0x7fa604c858e0>,Ontario,Canada
1992,1102996307470372864,FarAwayFanPod,FarAwayFan Podcast,(Far) Away End,2019-03-05T18:16:27+00:00,255,375,https://twitter.com/FarAwayFanPod,False,<geotext.geotext.GeoText object at 0x7fa604c85940>,,
1993,385004069,fnfpods,The FNF Podcast,"Placerville, California",2011-10-04T18:09:58+00:00,196,566,https://twitter.com/fnfpods,False,<geotext.geotext.GeoText object at 0x7fa604c85910>,,United States
1994,1131060408096153602,RU_Podcast,Random Unnamed Podcast,,2019-05-22T04:53:10+00:00,1177,1348,https://twitter.com/RU_Podcast,False,<geotext.geotext.GeoText object at 0x7fa604c859d0>,,
1995,1070719385856286720,pod_zero,.ZeroStar (PointZeroStar) üá®üá¶,"Ontario, Canada",2018-12-06T16:39:29+00:00,541,697,https://twitter.com/pod_zero,False,<geotext.geotext.GeoText object at 0x7fa604c85ac0>,Ontario,Canada
1996,1087460696940572672,gtthpod,Garret Talks To Himself,,2019-01-21T21:23:28+00:00,832,851,https://twitter.com/gtthpod,False,<geotext.geotext.GeoText object at 0x7fa604c85be0>,,
1999,1159471700767125504,wendysuepodcast,Wendy + Sue Podcast,,2019-08-08T14:29:30+00:00,60,117,https://twitter.com/wendysuepodcast,False,<geotext.geotext.GeoText object at 0x7fa604c85c70>,,
2001,466138202,DeanWarwickNZ,Dean Warwick,"Christchurch, New Zealand",2012-01-17T03:10:14+00:00,235,183,https://twitter.com/DeanWarwickNZ,False,<geotext.geotext.GeoText object at 0x7fa604c85dc0>,Christchurch,New Zealand
2002,992100590170845184,William13495578,William Hicks,,2018-05-03T17:56:27+00:00,2046,3270,https://twitter.com/William13495578,False,<geotext.geotext.GeoText object at 0x7fa604c85e20>,,
2005,17415462,Sckit,üíïMel Hartmanüíâüíâ (they/them) says BLM ‚úäüèæ,United States of Hell,2008-11-16T00:28:08+00:00,895,1131,https://twitter.com/Sckit,False,<geotext.geotext.GeoText object at 0x7fa604c85e80>,,United States
2009,1184535447919382536,militarymurder,Military Murder Podcast,,2019-10-16T18:25:04+00:00,689,333,https://twitter.com/militarymurder,False,<geotext.geotext.GeoText object at 0x7fa604c85f70>,,
2010,730581264747483136,NormanChella,-N,In my imagination,2016-05-12T02:12:01+00:00,1028,960,https://twitter.com/NormanChella,False,<geotext.geotext.GeoText object at 0x7fa604c85fd0>,,
2011,53277283,womaninwoods,Tracy J. Thomas,Almost Canada,2009-07-03T03:09:30+00:00,2622,3582,https://twitter.com/womaninwoods,False,<geotext.geotext.GeoText object at 0x7fa604c85040>,,
2012,1174151292383457280,PodloversAsia,Podlovers Asia,"Kuala Lumpur, Malaysia",2019-09-18T02:41:06+00:00,200,232,https://twitter.com/PodloversAsia,False,<geotext.geotext.GeoText object at 0x7fa604bcd1f0>,Kuala Lumpur,Malaysia
2014,68121959,peach_and_black,Peach and Black Podcast,Australia,2009-08-23T10:51:15+00:00,5522,599,https://twitter.com/peach_and_black,False,<geotext.geotext.GeoText object at 0x7fa604bcd2e0>,,Australia
2019,3164587907,TheCheapShowPod,CheapShow,"London, England",2015-04-13T15:54:43+00:00,4204,1900,https://twitter.com/TheCheapShowPod,False,<geotext.geotext.GeoText object at 0x7fa604bcd340>,London,United Kingdom
2020,1184626443600269312,WhosNextDoorPod,Who's Next Door Podcast,Mid-city Los Angeles,2019-10-17T00:25:49+00:00,170,563,https://twitter.com/WhosNextDoorPod,False,<geotext.geotext.GeoText object at 0x7fa604bcd490>,Los Angeles,United States
2022,1019599371829170178,AstridEliasen,Astrid Eliasen  üíã Mountain Troll Romace?,The corner,2018-07-18T15:06:48+00:00,275,367,https://twitter.com/AstridEliasen,False,<geotext.geotext.GeoText object at 0x7fa604bcd4f0>,,
2024,1087182189693816832,TotRcast,Top of the Round | A D&D Podcast,"Whidbey Island, WA",2019-01-21T02:56:47+00:00,1852,700,https://twitter.com/TotRcast,False,<geotext.geotext.GeoText object at 0x7fa604bcd580>,,United States
2025,1218869722558730240,Stabbybunbun,Stabby üî™üî™,,2020-01-19T12:16:14+00:00,56,678,https://twitter.com/Stabbybunbun,False,<geotext.geotext.GeoText object at 0x7fa604bcd670>,,
2036,1588725103,SpaceWhale202X,Space Whale 202X,Deep Space!,2013-07-12T15:05:11+00:00,764,787,https://twitter.com/SpaceWhale202X,False,<geotext.geotext.GeoText object at 0x7fa604bcd6d0>,,
2038,3205940639,PodCannon,PodCannon - A Show About Reshaping Fiction,,2015-04-25T13:33:21+00:00,115,506,https://twitter.com/PodCannon,False,<geotext.geotext.GeoText object at 0x7fa604bcd7f0>,,
2041,3680528431,PixelSift,Pixel Sift,Australia,2015-09-25T10:29:56+00:00,1241,521,https://twitter.com/PixelSift,False,<geotext.geotext.GeoText object at 0x7fa604bcd880>,,Australia
2045,9779382,punkjr,Jason M Burrows,"Seattle, WA",2007-10-29T16:46:44+00:00,908,1113,https://twitter.com/punkjr,False,<geotext.geotext.GeoText object at 0x7fa604bcd910>,Seattle,United States
2047,1158853454489632770,ADZ_Podcast,ADZ,,2019-08-06T21:32:48+00:00,1093,1084,https://twitter.com/ADZ_Podcast,False,<geotext.geotext.GeoText object at 0x7fa604bcd9d0>,,
2048,483667082,Story_Song,The Story Song Podcast,New York,2012-02-05T08:11:05+00:00,293,554,https://twitter.com/Story_Song,False,<geotext.geotext.GeoText object at 0x7fa604bcdaf0>,New York,United States
2060,1135022323256270849,Awesomemoviepod,Awesome Movie Year Podcast,"Las Vegas, NV",2019-06-02T03:16:24+00:00,424,534,https://twitter.com/Awesomemoviepod,False,<geotext.geotext.GeoText object at 0x7fa604bcdc70>,Las Vegas,United States
2061,1102777430593351680,allricenobeans,All Rice No Beans Podcast,"Las Vegas, NV",2019-03-05T03:46:42+00:00,93,126,https://twitter.com/allricenobeans,False,<geotext.geotext.GeoText object at 0x7fa604bcdcd0>,Las Vegas,United States
2062,967456758812753921,PiecingPod,Piecing It Together Podcast üß©,"Las Vegas, NV",2018-02-24T17:50:40+00:00,1975,1468,https://twitter.com/PiecingPod,False,<geotext.geotext.GeoText object at 0x7fa604bcddf0>,Las Vegas,United States
2063,1086425807818493953,quiet_guys,QuietOnTheSet,On back of a space squid,2019-01-19T00:51:12+00:00,1050,494,https://twitter.com/quiet_guys,False,<geotext.geotext.GeoText object at 0x7fa604bcdf10>,,
2064,1203789344290607104,strugglepre,strugglepreneur,,2019-12-08T21:33:36+00:00,13,39,https://twitter.com/strugglepre,False,<geotext.geotext.GeoText object at 0x7fa604bcdf70>,,
2065,1085384149836402688,Radioundergrou2,Radiounderground,"Michigan, USA",2019-01-16T03:52:01+00:00,60,78,https://twitter.com/Radioundergrou2,False,<geotext.geotext.GeoText object at 0x7fa604bcdfd0>,Michigan,United States
2066,1088233122595069957,MissionRejected,Mission Rejected,,2019-01-24T00:32:49+00:00,1134,1019,https://twitter.com/MissionRejected,False,<geotext.geotext.GeoText object at 0x7fa604bcd070>,,
2070,3020728305,FanDummies,"FanDummies Podcast | Superheroes, Sci-Fi & Fantasy","Missouri, USA",2015-02-06T00:25:40+00:00,4259,771,https://twitter.com/FanDummies,False,<geotext.geotext.GeoText object at 0x7fa604b8d310>,Missouri,United States
2076,1849537152,ryan_mossb,Ryan Mossbarger,twitter?,2013-09-09T22:08:56+00:00,629,949,https://twitter.com/ryan_mossb,False,<geotext.geotext.GeoText object at 0x7fa604b8d490>,,
2077,1099022558635192320,GLSleeping,Good Luck Sleeping Podcast,,2019-02-22T19:06:11+00:00,1174,759,https://twitter.com/GLSleeping,False,<geotext.geotext.GeoText object at 0x7fa604b8d5b0>,,
2083,1221245787809755136,creepifypodcast,Creepify,,2020-01-26T01:37:49+00:00,104,78,https://twitter.com/creepifypodcast,False,<geotext.geotext.GeoText object at 0x7fa604b8d6d0>,,
2084,822546625054867459,TheWrongStation,Wrong Station,"Toronto, Ontario",2017-01-20T20:49:32+00:00,1054,248,https://twitter.com/TheWrongStation,False,<geotext.geotext.GeoText object at 0x7fa604b8d7c0>,TorontoOntario,Canada
2089,1205230006353453058,filmontherocks,Film on the Rocks | Movie Podcast,,2019-12-12T20:56:47+00:00,640,763,https://twitter.com/filmontherocks,False,<geotext.geotext.GeoText object at 0x7fa604b8d880>,,
2096,166422490,JeffReedIsMe,Jeff,Indiana,2010-07-14T03:16:17+00:00,402,397,https://twitter.com/JeffReedIsMe,False,<geotext.geotext.GeoText object at 0x7fa604b8d8b0>,,United States
2100,950292234431279104,AnchorShow,üü£The Anchor Show,"Philadelphia, PA",2018-01-08T09:04:59+00:00,676,952,https://twitter.com/AnchorShow,False,<geotext.geotext.GeoText object at 0x7fa604b8d850>,Philadelphia,United States
2107,1154876846749523968,PodNationPods,PodNation,,2019-07-26T22:11:11+00:00,8486,6025,https://twitter.com/PodNationPods,False,<geotext.geotext.GeoText object at 0x7fa604b8da90>,,
2113,1220771472202981376,redvalleyjon,Jonathan Williams,"Bristol, England",2020-01-24T18:13:05+00:00,347,821,https://twitter.com/redvalleyjon,False,<geotext.geotext.GeoText object at 0x7fa604b8daf0>,Bristol,United Kingdom
2115,926947829444161537,HuuuHpodcast,HuH? Podcast by GangAlley Media,"South Carolina, USA",2017-11-04T23:02:39+00:00,3398,3396,https://twitter.com/HuuuHpodcast,False,<geotext.geotext.GeoText object at 0x7fa604b8dc10>,,United States
2118,3004483536,kolby_castillo,Kolby Castillo,,2015-01-31T08:17:36+00:00,1086,1012,https://twitter.com/kolby_castillo,False,<geotext.geotext.GeoText object at 0x7fa604b8dcd0>,,
2122,2563942773,evantessuraea,Evan (very tired),"Portland, ME",2014-05-25T19:08:18+00:00,2697,2408,https://twitter.com/evantessuraea,False,<geotext.geotext.GeoText object at 0x7fa604b8dfd0>,Portland,United States
2136,1224874883106078720,sportsasajob,Sports As A Job,,2020-02-05T01:58:35+00:00,3637,1527,https://twitter.com/sportsasajob,False,<geotext.geotext.GeoText object at 0x7fa604b8d160>,,
2140,1088625951947206656,SHOPodcast,ShelleyHasOpinions,"Redlands, CA",2019-01-25T02:33:47+00:00,375,303,https://twitter.com/SHOPodcast,False,<geotext.geotext.GeoText object at 0x7fa604b51190>,Redlands,United States
2153,1057018556129382400,WatchIfYouDare,Watch If You Dare,,2018-10-29T21:17:17+00:00,5370,5259,https://twitter.com/WatchIfYouDare,False,<geotext.geotext.GeoText object at 0x7fa604b51340>,,
2154,1171584551342223361,DMSPod,Drunk Medical Stories,"West Virginia, USA",2019-09-11T00:41:46+00:00,655,346,https://twitter.com/DMSPod,False,<geotext.geotext.GeoText object at 0x7fa604b51460>,,United States
2155,179932411,hunleyeric,Eric Hunley üé§,"Hampton, VA",2010-08-18T12:53:48+00:00,9905,7374,https://twitter.com/hunleyeric,False,<geotext.geotext.GeoText object at 0x7fa604b517c0>,Hampton,United States
2157,905937139631783937,unstructuredp,Unstructured,,2017-09-07T23:33:40+00:00,10225,10376,https://twitter.com/unstructuredp,False,<geotext.geotext.GeoText object at 0x7fa604b518b0>,,
2161,29147248,drphil8mybaby,"Linda ""The Cheeze"" Castro","Seattle, WA",2009-04-06T04:59:09+00:00,362,1830,https://twitter.com/drphil8mybaby,False,<geotext.geotext.GeoText object at 0x7fa604b518e0>,Seattle,United States
2163,842661638893441024,CarmenRomano42,Carmen Romano,"Munich, Bavaria",2017-03-17T08:59:25+00:00,64,269,https://twitter.com/CarmenRomano42,False,<geotext.geotext.GeoText object at 0x7fa604b51940>,Munich,Germany
2172,20689378,HelenZaltzman,H*l*n Z*ltzm*n,,2009-02-12T16:16:59+00:00,33431,4555,https://twitter.com/HelenZaltzman,False,<geotext.geotext.GeoText object at 0x7fa604b519d0>,,
2175,1085141340751650817,DirectivePod,Directive - Part 2 Streaming Now,,2019-01-15T11:47:11+00:00,833,549,https://twitter.com/DirectivePod,False,<geotext.geotext.GeoText object at 0x7fa604b51a60>,,
2178,1213556989776629761,summer_aims,Summer Aims,"Nha Trang, Vietnam",2020-01-04T20:25:19+00:00,316,423,https://twitter.com/summer_aims,False,<geotext.geotext.GeoText object at 0x7fa604b51b80>,Nha Trang,Vietnam
